{"level":"info","message":"Server running on port 3000","timestamp":"2026-05-18T13:26:56.779Z"}
{"level":"info","message":{"method":"GET","responseTimeMs":10.97,"statusCode":200,"type":"performance","url":"/"},"timestamp":"2026-05-18T13:27:01.167Z"}
{"level":"info","message":{"method":"GET","responseTimeMs":4.94,"statusCode":200,"type":"performance","url":"/css/style.css"},"timestamp":"2026-05-18T13:27:01.190Z"}
{"level":"info","message":{"method":"GET","responseTimeMs":5.1,"statusCode":200,"type":"performance","url":"/js/script.js"},"timestamp":"2026-05-18T13:27:01.192Z"}
{"level":"info","message":{"method":"GET","responseTimeMs":21.53,"statusCode":304,"type":"performance","url":"/api/auth/profile"},"timestamp":"2026-05-18T13:27:01.223Z"}
{"level":"info","message":{"method":"GET","responseTimeMs":26.37,"statusCode":200,"type":"performance","url":"/api/recipes"},"timestamp":"2026-05-18T13:27:01.228Z"}
{"level":"info","message":{"method":"GET","responseTimeMs":2.47,"statusCode":404,"type":"performance","url":"/uploads/recipes/1779110034070-FvEXacoWIBQ6xtG.jpg"},"timestamp":"2026-05-18T13:27:01.285Z"}
{"level":"info","message":{"method":"POST","responseTimeMs":47.41,"statusCode":201,"type":"performance","url":"/api/recipes"},"timestamp":"2026-05-18T13:27:15.412Z"}
{"level":"info","message":{"method":"GET","responseTimeMs":4.19,"statusCode":200,"type":"performance","url":"/api/recipes"},"timestamp":"2026-05-18T13:27:15.419Z"}
{"level":"info","message":{"method":"GET","responseTimeMs":3.47,"statusCode":404,"type":"performance","url":"/uploads/recipes/1779110034070-FvEXacoWIBQ6xtG.jpg"},"timestamp":"2026-05-18T13:27:15.431Z"}
{"level":"info","message":{"method":"GET","responseTimeMs":12.81,"statusCode":200,"type":"performance","url":"/uploads/recipes/1779110835383-FvEXacoWIBQ6xtG.jpg"},"timestamp":"2026-05-18T13:27:15.437Z"}
{"level":"info","message":{"method":"GET","responseTimeMs":12.04,"statusCode":200,"type":"performance","url":"/uploads/recipes/1779110835388-FvEXZgJWIAgiXUk.jpg"},"timestamp":"2026-05-18T13:27:15.438Z"}
{"level":"info","message":{"method":"GET","responseTimeMs":1.14,"statusCode":304,"type":"performance","url":"/"},"timestamp":"2026-05-18T13:27:24.225Z"}
{"level":"info","message":{"method":"GET","responseTimeMs":1.16,"statusCode":304,"type":"performance","url":"/css/style.css"},"timestamp":"2026-05-18T13:27:24.246Z"}
{"level":"info","message":{"method":"GET","responseTimeMs":3.07,"statusCode":304,"type":"performance","url":"/js/script.js"},"timestamp":"2026-05-18T13:27:24.248Z"}
{"level":"info","message":{"method":"GET","responseTimeMs":10.57,"statusCode":304,"type":"performance","url":"/api/auth/profile"},"timestamp":"2026-05-18T13:27:24.268Z"}
{"level":"info","message":{"method":"GET","responseTimeMs":14.82,"statusCode":304,"type":"performance","url":"/api/recipes"},"timestamp":"2026-05-18T13:27:24.274Z"}
{"level":"info","message":{"method":"GET","responseTimeMs":2.77,"statusCode":304,"type":"performance","url":"/uploads/recipes/1779110835383-FvEXacoWIBQ6xtG.jpg"},"timestamp":"2026-05-18T13:27:24.292Z"}
{"level":"info","message":{"method":"GET","responseTimeMs":3.29,"statusCode":304,"type":"performance","url":"/uploads/recipes/1779110835388-FvEXZgJWIAgiXUk.jpg"},"timestamp":"2026-05-18T13:27:24.294Z"}
{"level":"info","message":{"method":"GET","responseTimeMs":2.47,"statusCode":404,"type":"performance","url":"/uploads/recipes/1779110034070-FvEXacoWIBQ6xtG.jpg"},"timestamp":"2026-05-18T13:27:24.295Z"}
{"level":"info","message":"Server running on port 3000","timestamp":"2026-05-18T13:37:00.341Z"}
{"level":"info","message":{"method":"GET","responseTimeMs":3.61,"statusCode":304,"type":"performance","url":"/"},"timestamp":"2026-05-18T13:37:15.162Z"}
{"level":"info","message":{"method":"GET","responseTimeMs":1.64,"statusCode":304,"type":"performance","url":"/css/style.css"},"timestamp":"2026-05-18T13:37:15.185Z"}
{"level":"info","message":{"method":"GET","responseTimeMs":1.95,"statusCode":304,"type":"performance","url":"/js/script.js"},"timestamp":"2026-05-18T13:37:15.186Z"}
{"level":"info","message":{"method":"GET","responseTimeMs":8.92,"statusCode":401,"type":"performance","url":"/api/auth/profile"},"timestamp":"2026-05-18T13:37:15.211Z"}
{"level":"info","message":{"method":"GET","responseTimeMs":28.72,"statusCode":304,"type":"performance","url":"/api/recipes"},"timestamp":"2026-05-18T13:37:15.231Z"}
{"level":"info","message":{"method":"GET","responseTimeMs":2.46,"statusCode":304,"type":"performance","url":"/uploads/recipes/1779110835383-FvEXacoWIBQ6xtG.jpg"},"timestamp":"2026-05-18T13:37:15.271Z"}
{"level":"info","message":{"method":"GET","responseTimeMs":3.09,"statusCode":304,"type":"performance","url":"/uploads/recipes/1779110835388-FvEXZgJWIAgiXUk.jpg"},"timestamp":"2026-05-18T13:37:15.272Z"}
{"level":"info","message":{"method":"GET","responseTimeMs":4.33,"statusCode":404,"type":"performance","url":"/uploads/recipes/1779110034070-FvEXacoWIBQ6xtG.jpg"},"timestamp":"2026-05-18T13:37:15.274Z"}
{"level":"info","message":{"method":"GET","responseTimeMs":1.32,"statusCode":304,"type":"performance","url":"/"},"timestamp":"2026-05-18T13:37:17.276Z"}
{"level":"info","message":{"method":"GET","responseTimeMs":1.08,"statusCode":304,"type":"performance","url":"/css/style.css"},"timestamp":"2026-05-18T13:37:17.297Z"}
{"level":"info","message":{"method":"GET","responseTimeMs":1.4,"statusCode":304,"type":"performance","url":"/js/script.js"},"timestamp":"2026-05-18T13:37:17.298Z"}
{"level":"info","message":{"method":"GET","responseTimeMs":3.5,"statusCode":401,"type":"performance","url":"/api/auth/profile"},"timestamp":"2026-05-18T13:37:17.314Z"}
{"level":"info","message":{"method":"GET","responseTimeMs":8.18,"statusCode":304,"type":"performance","url":"/api/recipes"},"timestamp":"2026-05-18T13:37:17.319Z"}
{"level":"info","message":{"method":"GET","responseTimeMs":1.91,"statusCode":304,"type":"performance","url":"/uploads/recipes/1779110835383-FvEXacoWIBQ6xtG.jpg"},"timestamp":"2026-05-18T13:37:17.371Z"}
{"level":"info","message":{"method":"GET","responseTimeMs":2.86,"statusCode":304,"type":"performance","url":"/uploads/recipes/1779110835388-FvEXZgJWIAgiXUk.jpg"},"timestamp":"2026-05-18T13:37:17.373Z"}
{"level":"info","message":{"method":"GET","responseTimeMs":4.23,"statusCode":404,"type":"performance","url":"/uploads/recipes/1779110034070-FvEXacoWIBQ6xtG.jpg"},"timestamp":"2026-05-18T13:37:17.375Z"}
{"level":"info","message":{"method":"GET","responseTimeMs":0.88,"statusCode":304,"type":"performance","url":"/"},"timestamp":"2026-05-18T13:37:37.188Z"}
{"level":"info","message":{"method":"GET","responseTimeMs":1.05,"statusCode":304,"type":"performance","url":"/css/style.css"},"timestamp":"2026-05-18T13:37:37.207Z"}
{"level":"info","message":{"method":"GET","responseTimeMs":1.79,"statusCode":304,"type":"performance","url":"/js/script.js"},"timestamp":"2026-05-18T13:37:37.208Z"}
{"level":"info","message":{"method":"GET","responseTimeMs":1.54,"statusCode":401,"type":"performance","url":"/api/auth/profile"},"timestamp":"2026-05-18T13:37:37.237Z"}
{"level":"info","message":{"method":"GET","responseTimeMs":13.68,"statusCode":304,"type":"performance","url":"/api/recipes"},"timestamp":"2026-05-18T13:37:37.249Z"}
{"level":"info","message":{"method":"GET","responseTimeMs":2.38,"statusCode":304,"type":"performance","url":"/uploads/recipes/1779110835383-FvEXacoWIBQ6xtG.jpg"},"timestamp":"2026-05-18T13:37:37.282Z"}
{"level":"info","message":{"method":"GET","responseTimeMs":2.46,"statusCode":304,"type":"performance","url":"/uploads/recipes/1779110835388-FvEXZgJWIAgiXUk.jpg"},"timestamp":"2026-05-18T13:37:37.282Z"}
{"level":"info","message":{"method":"GET","responseTimeMs":1.95,"statusCode":404,"type":"performance","url":"/uploads/recipes/1779110034070-FvEXacoWIBQ6xtG.jpg"},"timestamp":"2026-05-18T13:37:37.283Z"}
{"level":"info","message":{"method":"GET","responseTimeMs":0.62,"statusCode":304,"type":"performance","url":"/"},"timestamp":"2026-05-18T13:37:38.954Z"}
{"level":"info","message":{"method":"GET","responseTimeMs":1.15,"statusCode":304,"type":"performance","url":"/css/style.css"},"timestamp":"2026-05-18T13:37:38.975Z"}
{"level":"info","message":{"method":"GET","responseTimeMs":2.06,"statusCode":304,"type":"performance","url":"/js/script.js"},"timestamp":"2026-05-18T13:37:38.977Z"}
{"level":"info","message":{"method":"GET","responseTimeMs":1.47,"statusCode":401,"type":"performance","url":"/api/auth/profile"},"timestamp":"2026-05-18T13:37:38.982Z"}
{"level":"info","message":{"method":"GET","responseTimeMs":3.11,"statusCode":304,"type":"performance","url":"/api/recipes"},"timestamp":"2026-05-18T13:37:38.985Z"}
{"level":"info","message":{"method":"GET","responseTimeMs":1.74,"statusCode":304,"type":"performance","url":"/uploads/recipes/1779110835383-FvEXacoWIBQ6xtG.jpg"},"timestamp":"2026-05-18T13:37:39.001Z"}
{"level":"info","message":{"method":"GET","responseTimeMs":3.09,"statusCode":304,"type":"performance","url":"/uploads/recipes/1779110835388-FvEXZgJWIAgiXUk.jpg"},"timestamp":"2026-05-18T13:37:39.003Z"}
{"level":"info","message":{"method":"GET","responseTimeMs":3.78,"statusCode":404,"type":"performance","url":"/uploads/recipes/1779110034070-FvEXacoWIBQ6xtG.jpg"},"timestamp":"2026-05-18T13:37:39.004Z"}
{"level":"info","message":{"method":"GET","responseTimeMs":1.13,"statusCode":304,"type":"performance","url":"/"},"timestamp":"2026-05-18T13:37:46.131Z"}
{"level":"info","message":{"method":"GET","responseTimeMs":0.9,"statusCode":304,"type":"performance","url":"/css/style.css"},"timestamp":"2026-05-18T13:37:46.155Z"}
{"level":"info","message":{"method":"GET","responseTimeMs":0.64,"statusCode":304,"type":"performance","url":"/js/script.js"},"timestamp":"2026-05-18T13:37:46.156Z"}
{"level":"info","message":{"method":"GET","responseTimeMs":1.38,"statusCode":401,"type":"performance","url":"/api/auth/profile"},"timestamp":"2026-05-18T13:37:46.171Z"}
{"level":"info","message":{"method":"GET","responseTimeMs":4.61,"statusCode":304,"type":"performance","url":"/api/recipes"},"timestamp":"2026-05-18T13:37:46.174Z"}
{"level":"info","message":{"method":"GET","responseTimeMs":2.06,"statusCode":304,"type":"performance","url":"/uploads/recipes/1779110835383-FvEXacoWIBQ6xtG.jpg"},"timestamp":"2026-05-18T13:37:46.186Z"}
{"level":"info","message":{"method":"GET","responseTimeMs":2.38,"statusCode":304,"type":"performance","url":"/uploads/recipes/1779110835388-FvEXZgJWIAgiXUk.jpg"},"timestamp":"2026-05-18T13:37:46.190Z"}
{"level":"info","message":{"method":"GET","responseTimeMs":3.19,"statusCode":404,"type":"performance","url":"/uploads/recipes/1779110034070-FvEXacoWIBQ6xtG.jpg"},"timestamp":"2026-05-18T13:37:46.192Z"}
{"level":"info","message":{"method":"POST","responseTimeMs":1.11,"statusCode":401,"type":"performance","url":"/api/auth/logout"},"timestamp":"2026-05-18T13:39:45.822Z"}
{"level":"info","message":{"method":"GET","responseTimeMs":4.07,"statusCode":200,"type":"performance","url":"/login"},"timestamp":"2026-05-18T13:39:45.837Z"}
{"level":"info","message":{"method":"GET","responseTimeMs":0.73,"statusCode":304,"type":"performance","url":"/css/style.css"},"timestamp":"2026-05-18T13:39:45.859Z"}
{"level":"info","message":{"method":"GET","responseTimeMs":0.84,"statusCode":304,"type":"performance","url":"/js/script.js"},"timestamp":"2026-05-18T13:39:45.860Z"}
{"level":"info","message":{"method":"POST","responseTimeMs":91.78,"statusCode":403,"type":"performance","url":"/api/auth/login"},"timestamp":"2026-05-18T13:40:05.843Z"}
{"level":"info","message":{"method":"POST","responseTimeMs":74.64,"statusCode":403,"type":"performance","url":"/api/auth/login"},"timestamp":"2026-05-18T13:40:07.567Z"}
{"level":"info","message":{"method":"POST","responseTimeMs":16.14,"statusCode":200,"type":"performance","url":"/api/auth/resend-verification"},"timestamp":"2026-05-18T13:40:11.676Z"}
{"level":"info","message":{"method":"GET","responseTimeMs":14.12,"statusCode":200,"type":"performance","url":"/api/auth/verify-email/552617a1ca72ccf5eacc0cfe0648c29c03c4f4bd47d3e9add3590b6cbb0c080c"},"timestamp":"2026-05-18T13:40:13.314Z"}
{"level":"info","message":{"method":"GET","responseTimeMs":0.7,"statusCode":304,"type":"performance","url":"/login"},"timestamp":"2026-05-18T13:40:15.516Z"}
{"level":"info","message":{"method":"GET","responseTimeMs":1.21,"statusCode":304,"type":"performance","url":"/css/style.css"},"timestamp":"2026-05-18T13:40:15.541Z"}
{"level":"info","message":{"method":"GET","responseTimeMs":1.25,"statusCode":304,"type":"performance","url":"/js/script.js"},"timestamp":"2026-05-18T13:40:15.541Z"}
{"level":"info","message":{"method":"POST","responseTimeMs":101.89,"statusCode":200,"type":"performance","url":"/api/auth/login"},"timestamp":"2026-05-18T13:40:27.980Z"}
{"level":"info","message":{"method":"GET","responseTimeMs":1.61,"statusCode":200,"type":"performance","url":"/profile"},"timestamp":"2026-05-18T13:40:28.707Z"}
{"level":"info","message":{"method":"GET","responseTimeMs":1.7,"statusCode":304,"type":"performance","url":"/css/style.css"},"timestamp":"2026-05-18T13:40:28.733Z"}
{"level":"info","message":{"method":"GET","responseTimeMs":0.83,"statusCode":304,"type":"performance","url":"/js/script.js"},"timestamp":"2026-05-18T13:40:28.736Z"}
{"level":"info","message":{"method":"GET","responseTimeMs":3.98,"statusCode":200,"type":"performance","url":"/api/auth/profile"},"timestamp":"2026-05-18T13:40:28.753Z"}
{"level":"info","message":{"method":"GET","responseTimeMs":0.69,"statusCode":304,"type":"performance","url":"/"},"timestamp":"2026-05-18T13:40:33.437Z"}
{"level":"info","message":{"method":"GET","responseTimeMs":0.65,"statusCode":304,"type":"performance","url":"/css/style.css"},"timestamp":"2026-05-18T13:40:33.458Z"}
{"level":"info","message":{"method":"GET","responseTimeMs":0.75,"statusCode":304,"type":"performance","url":"/js/script.js"},"timestamp":"2026-05-18T13:40:33.461Z"}
{"level":"info","message":{"method":"GET","responseTimeMs":5.1,"statusCode":304,"type":"performance","url":"/api/auth/profile"},"timestamp":"2026-05-18T13:40:33.477Z"}
{"level":"info","message":{"method":"GET","responseTimeMs":7.24,"statusCode":304,"type":"performance","url":"/api/recipes"},"timestamp":"2026-05-18T13:40:33.479Z"}
{"level":"info","message":{"method":"GET","responseTimeMs":1.13,"statusCode":304,"type":"performance","url":"/uploads/recipes/1779110835383-FvEXacoWIBQ6xtG.jpg"},"timestamp":"2026-05-18T13:40:33.525Z"}
{"level":"info","message":{"method":"GET","responseTimeMs":0.82,"statusCode":304,"type":"performance","url":"/uploads/recipes/1779110835388-FvEXZgJWIAgiXUk.jpg"},"timestamp":"2026-05-18T13:40:33.527Z"}
{"level":"info","message":{"method":"GET","responseTimeMs":1.05,"statusCode":404,"type":"performance","url":"/uploads/recipes/1779110034070-FvEXacoWIBQ6xtG.jpg"},"timestamp":"2026-05-18T13:40:33.529Z"}
{"level":"info","message":{"method":"GET","responseTimeMs":1.01,"statusCode":304,"type":"performance","url":"/profile"},"timestamp":"2026-05-18T13:40:46.036Z"}
{"level":"info","message":{"method":"GET","responseTimeMs":0.84,"statusCode":304,"type":"performance","url":"/css/style.css"},"timestamp":"2026-05-18T13:40:46.060Z"}
{"level":"info","message":{"method":"GET","responseTimeMs":1.34,"statusCode":304,"type":"performance","url":"/js/script.js"},"timestamp":"2026-05-18T13:40:46.061Z"}
{"level":"info","message":{"method":"GET","responseTimeMs":7.22,"statusCode":304,"type":"performance","url":"/api/auth/profile"},"timestamp":"2026-05-18T13:40:46.078Z"}
{"level":"info","message":{"method":"GET","responseTimeMs":0.53,"statusCode":304,"type":"performance","url":"/"},"timestamp":"2026-05-18T13:40:48.570Z"}
{"level":"info","message":{"method":"GET","responseTimeMs":0.68,"statusCode":304,"type":"performance","url":"/css/style.css"},"timestamp":"2026-05-18T13:40:48.597Z"}
{"level":"info","message":{"method":"GET","responseTimeMs":0.89,"statusCode":304,"type":"performance","url":"/js/script.js"},"timestamp":"2026-05-18T13:40:48.597Z"}
{"level":"info","message":{"method":"GET","responseTimeMs":5.64,"statusCode":304,"type":"performance","url":"/api/auth/profile"},"timestamp":"2026-05-18T13:40:48.609Z"}
{"level":"info","message":{"method":"GET","responseTimeMs":6.87,"statusCode":304,"type":"performance","url":"/api/recipes"},"timestamp":"2026-05-18T13:40:48.611Z"}
{"level":"info","message":{"method":"GET","responseTimeMs":1.59,"statusCode":304,"type":"performance","url":"/uploads/recipes/1779110835383-FvEXacoWIBQ6xtG.jpg"},"timestamp":"2026-05-18T13:40:48.631Z"}
{"level":"info","message":{"method":"GET","responseTimeMs":1.95,"statusCode":304,"type":"performance","url":"/uploads/recipes/1779110835388-FvEXZgJWIAgiXUk.jpg"},"timestamp":"2026-05-18T13:40:48.632Z"}
{"level":"info","message":{"method":"GET","responseTimeMs":1.23,"statusCode":404,"type":"performance","url":"/uploads/recipes/1779110034070-FvEXacoWIBQ6xtG.jpg"},"timestamp":"2026-05-18T13:40:48.634Z"}
{"level":"info","message":{"method":"GET","responseTimeMs":0.84,"statusCode":304,"type":"performance","url":"/"},"timestamp":"2026-05-18T13:42:32.669Z"}
{"level":"info","message":{"method":"GET","responseTimeMs":0.93,"statusCode":304,"type":"performance","url":"/css/style.css"},"timestamp":"2026-05-18T13:42:32.689Z"}
{"level":"info","message":{"method":"GET","responseTimeMs":1.05,"statusCode":304,"type":"performance","url":"/js/script.js"},"timestamp":"2026-05-18T13:42:32.689Z"}
{"level":"info","message":{"method":"GET","responseTimeMs":11.32,"statusCode":304,"type":"performance","url":"/api/auth/profile"},"timestamp":"2026-05-18T13:42:32.707Z"}
{"level":"info","message":{"method":"GET","responseTimeMs":10.62,"statusCode":304,"type":"performance","url":"/api/recipes"},"timestamp":"2026-05-18T13:42:32.709Z"}
{"level":"info","message":{"method":"GET","responseTimeMs":0.92,"statusCode":304,"type":"performance","url":"/uploads/recipes/1779110835383-FvEXacoWIBQ6xtG.jpg"},"timestamp":"2026-05-18T13:42:32.719Z"}
{"level":"info","message":{"method":"GET","responseTimeMs":1.36,"statusCode":304,"type":"performance","url":"/uploads/recipes/1779110835388-FvEXZgJWIAgiXUk.jpg"},"timestamp":"2026-05-18T13:42:32.720Z"}
{"level":"info","message":{"method":"GET","responseTimeMs":0.89,"statusCode":404,"type":"performance","url":"/uploads/recipes/1779110034070-FvEXacoWIBQ6xtG.jpg"},"timestamp":"2026-05-18T13:42:32.722Z"}
{"level":"info","message":{"method":"GET","responseTimeMs":0.81,"statusCode":304,"type":"performance","url":"/"},"timestamp":"2026-05-18T13:42:34.589Z"}
{"level":"info","message":{"method":"GET","responseTimeMs":0.5,"statusCode":304,"type":"performance","url":"/css/style.css"},"timestamp":"2026-05-18T13:42:34.608Z"}
{"level":"info","message":{"method":"GET","responseTimeMs":0.63,"statusCode":304,"type":"performance","url":"/js/script.js"},"timestamp":"2026-05-18T13:42:34.608Z"}
{"level":"info","message":{"method":"GET","responseTimeMs":3.76,"statusCode":304,"type":"performance","url":"/api/auth/profile"},"timestamp":"2026-05-18T13:42:34.626Z"}
{"level":"info","message":{"method":"GET","responseTimeMs":5.75,"statusCode":304,"type":"performance","url":"/api/recipes"},"timestamp":"2026-05-18T13:42:34.628Z"}
{"level":"info","message":{"method":"GET","responseTimeMs":1.69,"statusCode":304,"type":"performance","url":"/uploads/recipes/1779110835383-FvEXacoWIBQ6xtG.jpg"},"timestamp":"2026-05-18T13:42:34.638Z"}
{"level":"info","message":{"method":"GET","responseTimeMs":2.15,"statusCode":304,"type":"performance","url":"/uploads/recipes/1779110835388-FvEXZgJWIAgiXUk.jpg"},"timestamp":"2026-05-18T13:42:34.638Z"}
{"level":"info","message":{"method":"GET","responseTimeMs":2.92,"statusCode":404,"type":"performance","url":"/uploads/recipes/1779110034070-FvEXacoWIBQ6xtG.jpg"},"timestamp":"2026-05-18T13:42:34.639Z"}
{"level":"info","message":"Server running on port 3000","timestamp":"2026-05-18T16:41:28.448Z"}
{"level":"error","message":"Cannot assign to read only property 'writeQueueSize' of object '#<TCP>'","stack":"TypeError: Cannot assign to read only property 'writeQueueSize' of object '#<TCP>'\n    at _clone (C:\\Users\\Nastya\\Desktop\\KPI\\3\\2\\WebBE\\labs\\lab5\\node_modules\\clone\\clone.js:162:16)\n    at _clone (C:\\Users\\Nastya\\Desktop\\KPI\\3\\2\\WebBE\\labs\\lab5\\node_modules\\clone\\clone.js:175:25)\n    at _clone (C:\\Users\\Nastya\\Desktop\\KPI\\3\\2\\WebBE\\labs\\lab5\\node_modules\\clone\\clone.js:162:18)\n    at _clone (C:\\Users\\Nastya\\Desktop\\KPI\\3\\2\\WebBE\\labs\\lab5\\node_modules\\clone\\clone.js:162:18)\n    at _clone (C:\\Users\\Nastya\\Desktop\\KPI\\3\\2\\WebBE\\labs\\lab5\\node_modules\\clone\\clone.js:162:18)\n    at _clone (C:\\Users\\Nastya\\Desktop\\KPI\\3\\2\\WebBE\\labs\\lab5\\node_modules\\clone\\clone.js:162:18)\n    at _clone (C:\\Users\\Nastya\\Desktop\\KPI\\3\\2\\WebBE\\labs\\lab5\\node_modules\\clone\\clone.js:162:18)\n    at _clone (C:\\Users\\Nastya\\Desktop\\KPI\\3\\2\\WebBE\\labs\\lab5\\node_modules\\clone\\clone.js:162:18)\n    at _clone (C:\\Users\\Nastya\\Desktop\\KPI\\3\\2\\WebBE\\labs\\lab5\\node_modules\\clone\\clone.js:162:18)\n    at _clone (C:\\Users\\Nastya\\Desktop\\KPI\\3\\2\\WebBE\\labs\\lab5\\node_modules\\clone\\clone.js:162:18)","timestamp":"2026-05-18T16:42:35.476Z","url":"/api/recipes"}
{"level":"info","message":{"method":"GET","responseTimeMs":23.04,"statusCode":500,"type":"performance","url":"/api/recipes"},"timestamp":"2026-05-18T16:42:35.480Z"}
{"level":"info","message":"Server running on port 3000","timestamp":"2026-05-18T16:44:36.978Z"}
{"level":"info","message":{"method":"GET","responseTimeMs":12.47,"statusCode":200,"type":"performance","url":"/api/recipes"},"timestamp":"2026-05-18T16:44:39.770Z"}
{"level":"info","message":{"method":"GET","responseTimeMs":2.11,"statusCode":200,"type":"performance","url":"/api/recipes"},"timestamp":"2026-05-18T16:45:08.875Z"}
{"level":"info","message":{"method":"GET","responseTimeMs":2.53,"statusCode":301,"type":"performance","url":"/api/docs"},"timestamp":"2026-05-18T16:46:08.472Z"}
{"level":"info","message":{"method":"GET","responseTimeMs":2.85,"statusCode":200,"type":"performance","url":"/api/docs/"},"timestamp":"2026-05-18T16:46:08.479Z"}
{"level":"info","message":{"method":"GET","responseTimeMs":5.2,"statusCode":200,"type":"performance","url":"/api/docs/swagger-ui.css"},"timestamp":"2026-05-18T16:46:08.555Z"}
{"level":"info","message":{"method":"GET","responseTimeMs":1.8,"statusCode":200,"type":"performance","url":"/api/docs/swagger-ui-init.js"},"timestamp":"2026-05-18T16:46:08.564Z"}
{"level":"info","message":{"method":"GET","responseTimeMs":8.22,"statusCode":200,"type":"performance","url":"/api/docs/swagger-ui-standalone-preset.js"},"timestamp":"2026-05-18T16:46:08.568Z"}
{"level":"info","message":{"method":"GET","responseTimeMs":19.56,"statusCode":200,"type":"performance","url":"/api/docs/swagger-ui-bundle.js"},"timestamp":"2026-05-18T16:46:08.578Z"}
{"level":"info","message":{"method":"GET","responseTimeMs":1.47,"statusCode":200,"type":"performance","url":"/api/docs/favicon-32x32.png"},"timestamp":"2026-05-18T16:46:08.854Z"}
{"level":"info","message":{"method":"GET","responseTimeMs":12.05,"statusCode":200,"type":"performance","url":"/api/recipes"},"timestamp":"2026-05-18T16:46:29.790Z"}
{"level":"info","message":"Server running on port 3000","timestamp":"2026-05-18T16:53:18.369Z"}
{"level":"info","message":{"method":"GET","responseTimeMs":4.66,"statusCode":304,"type":"performance","url":"/api/docs/"},"timestamp":"2026-05-18T16:53:46.332Z"}
{"level":"info","message":{"method":"GET","responseTimeMs":7.22,"statusCode":304,"type":"performance","url":"/api/docs/swagger-ui.css"},"timestamp":"2026-05-18T16:53:46.358Z"}
{"level":"info","message":{"method":"GET","responseTimeMs":7.94,"statusCode":304,"type":"performance","url":"/api/docs/swagger-ui-bundle.js"},"timestamp":"2026-05-18T16:53:46.360Z"}
{"level":"info","message":{"method":"GET","responseTimeMs":8.28,"statusCode":200,"type":"performance","url":"/api/docs/swagger-ui-init.js"},"timestamp":"2026-05-18T16:53:46.363Z"}
{"level":"info","message":{"method":"GET","responseTimeMs":11.7,"statusCode":304,"type":"performance","url":"/api/docs/swagger-ui-standalone-preset.js"},"timestamp":"2026-05-18T16:53:46.365Z"}
{"level":"info","message":{"method":"GET","responseTimeMs":1.26,"statusCode":304,"type":"performance","url":"/api/docs/favicon-32x32.png"},"timestamp":"2026-05-18T16:53:46.606Z"}
{"level":"info","message":"Server running on port 3000","timestamp":"2026-05-18T16:57:00.613Z"}
{"level":"info","message":{"method":"GET","responseTimeMs":5.3,"statusCode":304,"type":"performance","url":"/api/docs/"},"timestamp":"2026-05-18T16:57:01.226Z"}
{"level":"info","message":{"method":"GET","responseTimeMs":3,"statusCode":304,"type":"performance","url":"/api/docs/swagger-ui.css"},"timestamp":"2026-05-18T16:57:01.252Z"}
{"level":"info","message":{"method":"GET","responseTimeMs":4.62,"statusCode":304,"type":"performance","url":"/api/docs/swagger-ui-bundle.js"},"timestamp":"2026-05-18T16:57:01.254Z"}
{"level":"info","message":{"method":"GET","responseTimeMs":4,"statusCode":304,"type":"performance","url":"/api/docs/swagger-ui-standalone-preset.js"},"timestamp":"2026-05-18T16:57:01.257Z"}
{"level":"info","message":{"method":"GET","responseTimeMs":3.88,"statusCode":200,"type":"performance","url":"/api/docs/swagger-ui-init.js"},"timestamp":"2026-05-18T16:57:01.259Z"}
{"level":"info","message":{"method":"GET","responseTimeMs":1.05,"statusCode":304,"type":"performance","url":"/api/docs/favicon-32x32.png"},"timestamp":"2026-05-18T16:57:01.416Z"}
{"level":"info","message":{"method":"GET","responseTimeMs":1.54,"statusCode":304,"type":"performance","url":"/api/docs/swagger-ui.css"},"timestamp":"2026-05-18T16:57:12.914Z"}
{"level":"info","message":{"method":"GET","responseTimeMs":2.91,"statusCode":404,"type":"performance","url":"/.well-known/appspecific/com.chrome.devtools.json"},"timestamp":"2026-05-18T16:57:12.943Z"}
{"level":"info","message":{"method":"GET","responseTimeMs":12.61,"statusCode":200,"type":"performance","url":"/api/docs/swagger-ui.css.map"},"timestamp":"2026-05-18T16:57:13.322Z"}
{"level":"info","message":{"method":"GET","responseTimeMs":27.12,"statusCode":200,"type":"performance","url":"/api/recipes"},"timestamp":"2026-05-18T16:57:18.084Z"}
{"level":"info","message":{"method":"POST","responseTimeMs":1.17,"statusCode":401,"type":"performance","url":"/api/recipes"},"timestamp":"2026-05-18T16:58:32.275Z"}
{"level":"info","message":{"method":"GET","responseTimeMs":13.48,"statusCode":200,"type":"performance","url":"/api/recipes"},"timestamp":"2026-05-18T17:02:57.357Z"}
{"level":"info","message":{"method":"GET","responseTimeMs":1.24,"statusCode":200,"type":"performance","url":"/api/recipes"},"timestamp":"2026-05-18T17:02:57.360Z"}
{"level":"info","message":{"method":"GET","responseTimeMs":1.32,"statusCode":200,"type":"performance","url":"/api/recipes"},"timestamp":"2026-05-18T17:02:57.364Z"}
{"level":"info","message":{"method":"GET","responseTimeMs":1.34,"statusCode":200,"type":"performance","url":"/api/recipes"},"timestamp":"2026-05-18T17:02:57.366Z"}
{"level":"info","message":{"method":"GET","responseTimeMs":1.09,"statusCode":200,"type":"performance","url":"/api/recipes"},"timestamp":"2026-05-18T17:02:57.368Z"}
{"level":"info","message":{"method":"GET","responseTimeMs":2.63,"statusCode":200,"type":"performance","url":"/api/recipes"},"timestamp":"2026-05-18T17:02:57.372Z"}
{"level":"info","message":{"method":"GET","responseTimeMs":1.29,"statusCode":200,"type":"performance","url":"/api/recipes"},"timestamp":"2026-05-18T17:02:57.374Z"}
{"level":"info","message":{"method":"GET","responseTimeMs":1.08,"statusCode":200,"type":"performance","url":"/api/recipes"},"timestamp":"2026-05-18T17:02:57.375Z"}
{"level":"info","message":{"method":"GET","responseTimeMs":1.51,"statusCode":200,"type":"performance","url":"/api/recipes"},"timestamp":"2026-05-18T17:02:57.379Z"}
{"level":"info","message":{"method":"GET","responseTimeMs":1.11,"statusCode":200,"type":"performance","url":"/api/recipes"},"timestamp":"2026-05-18T17:02:57.381Z"}
{"level":"info","message":{"method":"GET","responseTimeMs":1.14,"statusCode":200,"type":"performance","url":"/api/recipes"},"timestamp":"2026-05-18T17:02:57.396Z"}
{"level":"info","message":{"method":"GET","responseTimeMs":1.51,"statusCode":200,"type":"performance","url":"/api/recipes"},"timestamp":"2026-05-18T17:02:57.398Z"}
{"level":"info","message":{"method":"GET","responseTimeMs":2.37,"statusCode":200,"type":"performance","url":"/api/recipes"},"timestamp":"2026-05-18T17:02:57.400Z"}
{"level":"info","message":{"method":"GET","responseTimeMs":1.72,"statusCode":200,"type":"performance","url":"/api/recipes"},"timestamp":"2026-05-18T17:02:57.402Z"}
{"level":"info","message":{"method":"GET","responseTimeMs":3.48,"statusCode":200,"type":"performance","url":"/api/recipes"},"timestamp":"2026-05-18T17:02:57.405Z"}
{"level":"info","message":{"method":"GET","responseTimeMs":4.66,"statusCode":200,"type":"performance","url":"/api/recipes"},"timestamp":"2026-05-18T17:02:57.407Z"}
{"level":"info","message":{"method":"GET","responseTimeMs":4.8,"statusCode":200,"type":"performance","url":"/api/recipes"},"timestamp":"2026-05-18T17:02:57.410Z"}
{"level":"info","message":{"method":"GET","responseTimeMs":2.78,"statusCode":200,"type":"performance","url":"/api/recipes"},"timestamp":"2026-05-18T17:02:57.412Z"}
{"level":"info","message":{"method":"GET","responseTimeMs":3.36,"statusCode":200,"type":"performance","url":"/api/recipes"},"timestamp":"2026-05-18T17:02:57.413Z"}
{"level":"info","message":{"method":"GET","responseTimeMs":2.23,"statusCode":200,"type":"performance","url":"/api/recipes"},"timestamp":"2026-05-18T17:02:57.415Z"}
{"level":"info","message":{"method":"GET","responseTimeMs":3.17,"statusCode":200,"type":"performance","url":"/api/recipes"},"timestamp":"2026-05-18T17:02:57.417Z"}
{"level":"info","message":{"method":"GET","responseTimeMs":3.51,"statusCode":200,"type":"performance","url":"/api/recipes"},"timestamp":"2026-05-18T17:02:57.418Z"}
{"level":"info","message":{"method":"GET","responseTimeMs":4.39,"statusCode":200,"type":"performance","url":"/api/recipes"},"timestamp":"2026-05-18T17:02:57.419Z"}
{"level":"info","message":{"method":"GET","responseTimeMs":2.73,"statusCode":200,"type":"performance","url":"/api/recipes"},"timestamp":"2026-05-18T17:02:57.423Z"}
{"level":"info","message":{"method":"GET","responseTimeMs":4.24,"statusCode":200,"type":"performance","url":"/api/recipes"},"timestamp":"2026-05-18T17:02:57.425Z"}
{"level":"info","message":{"method":"GET","responseTimeMs":5.32,"statusCode":200,"type":"performance","url":"/api/recipes"},"timestamp":"2026-05-18T17:02:57.426Z"}
{"level":"info","message":{"method":"GET","responseTimeMs":6.03,"statusCode":200,"type":"performance","url":"/api/recipes"},"timestamp":"2026-05-18T17:02:57.427Z"}
{"level":"info","message":{"method":"GET","responseTimeMs":2.05,"statusCode":200,"type":"performance","url":"/api/recipes"},"timestamp":"2026-05-18T17:02:57.430Z"}
{"level":"info","message":{"method":"GET","responseTimeMs":2.7,"statusCode":200,"type":"performance","url":"/api/recipes"},"timestamp":"2026-05-18T17:02:57.431Z"}
{"level":"info","message":{"method":"GET","responseTimeMs":3.31,"statusCode":200,"type":"performance","url":"/api/recipes"},"timestamp":"2026-05-18T17:02:57.432Z"}
{"level":"info","message":{"method":"GET","responseTimeMs":4.7,"statusCode":200,"type":"performance","url":"/api/recipes"},"timestamp":"2026-05-18T17:02:57.434Z"}
{"level":"info","message":{"method":"GET","responseTimeMs":3.1,"statusCode":200,"type":"performance","url":"/api/recipes"},"timestamp":"2026-05-18T17:02:57.436Z"}
{"level":"info","message":{"method":"GET","responseTimeMs":2.65,"statusCode":200,"type":"performance","url":"/api/recipes"},"timestamp":"2026-05-18T17:02:57.437Z"}
{"level":"info","message":{"method":"GET","responseTimeMs":3.96,"statusCode":200,"type":"performance","url":"/api/recipes"},"timestamp":"2026-05-18T17:02:57.439Z"}
{"level":"info","message":{"method":"GET","responseTimeMs":5.36,"statusCode":200,"type":"performance","url":"/api/recipes"},"timestamp":"2026-05-18T17:02:57.440Z"}
{"level":"info","message":{"method":"GET","responseTimeMs":2.78,"statusCode":200,"type":"performance","url":"/api/recipes"},"timestamp":"2026-05-18T17:02:57.444Z"}
{"level":"info","message":{"method":"GET","responseTimeMs":3.78,"statusCode":200,"type":"performance","url":"/api/recipes"},"timestamp":"2026-05-18T17:02:57.446Z"}
{"level":"info","message":{"method":"GET","responseTimeMs":4.51,"statusCode":200,"type":"performance","url":"/api/recipes"},"timestamp":"2026-05-18T17:02:57.447Z"}
{"level":"info","message":{"method":"GET","responseTimeMs":5.3,"statusCode":200,"type":"performance","url":"/api/recipes"},"timestamp":"2026-05-18T17:02:57.448Z"}
{"level":"info","message":{"method":"GET","responseTimeMs":6.39,"statusCode":200,"type":"performance","url":"/api/recipes"},"timestamp":"2026-05-18T17:02:57.450Z"}
{"level":"info","message":{"method":"GET","responseTimeMs":1.77,"statusCode":200,"type":"performance","url":"/api/recipes"},"timestamp":"2026-05-18T17:02:57.452Z"}
{"level":"info","message":{"method":"GET","responseTimeMs":3.63,"statusCode":200,"type":"performance","url":"/api/recipes"},"timestamp":"2026-05-18T17:02:57.454Z"}
{"level":"info","message":{"method":"GET","responseTimeMs":5.43,"statusCode":200,"type":"performance","url":"/api/recipes"},"timestamp":"2026-05-18T17:02:57.456Z"}
{"level":"info","message":{"method":"GET","responseTimeMs":7.14,"statusCode":200,"type":"performance","url":"/api/recipes"},"timestamp":"2026-05-18T17:02:57.458Z"}
{"level":"info","message":{"method":"GET","responseTimeMs":8.21,"statusCode":200,"type":"performance","url":"/api/recipes"},"timestamp":"2026-05-18T17:02:57.459Z"}
{"level":"info","message":{"method":"GET","responseTimeMs":1.75,"statusCode":200,"type":"performance","url":"/api/recipes"},"timestamp":"2026-05-18T17:02:57.462Z"}
{"level":"info","message":{"method":"GET","responseTimeMs":2.42,"statusCode":200,"type":"performance","url":"/api/recipes"},"timestamp":"2026-05-18T17:02:57.463Z"}
{"level":"info","message":{"method":"GET","responseTimeMs":3.68,"statusCode":200,"type":"performance","url":"/api/recipes"},"timestamp":"2026-05-18T17:02:57.464Z"}
{"level":"info","message":{"method":"GET","responseTimeMs":4.72,"statusCode":200,"type":"performance","url":"/api/recipes"},"timestamp":"2026-05-18T17:02:57.466Z"}
{"level":"info","message":{"method":"GET","responseTimeMs":2.08,"statusCode":200,"type":"performance","url":"/api/recipes"},"timestamp":"2026-05-18T17:02:57.468Z"}
{"level":"info","message":{"method":"GET","responseTimeMs":4.69,"statusCode":200,"type":"performance","url":"/api/recipes"},"timestamp":"2026-05-18T17:02:57.472Z"}
{"level":"info","message":{"method":"GET","responseTimeMs":6.15,"statusCode":200,"type":"performance","url":"/api/recipes"},"timestamp":"2026-05-18T17:02:57.473Z"}
{"level":"info","message":{"method":"GET","responseTimeMs":8.5,"statusCode":200,"type":"performance","url":"/api/recipes"},"timestamp":"2026-05-18T17:02:57.476Z"}
{"level":"info","message":{"method":"GET","responseTimeMs":9.47,"statusCode":200,"type":"performance","url":"/api/recipes"},"timestamp":"2026-05-18T17:02:57.477Z"}
{"level":"info","message":{"method":"GET","responseTimeMs":1.62,"statusCode":200,"type":"performance","url":"/api/recipes"},"timestamp":"2026-05-18T17:02:57.479Z"}
{"level":"info","message":{"method":"GET","responseTimeMs":3.27,"statusCode":200,"type":"performance","url":"/api/recipes"},"timestamp":"2026-05-18T17:02:57.481Z"}
{"level":"info","message":{"method":"GET","responseTimeMs":2.1,"statusCode":200,"type":"performance","url":"/api/recipes"},"timestamp":"2026-05-18T17:02:57.484Z"}
{"level":"info","message":{"method":"GET","responseTimeMs":2.87,"statusCode":200,"type":"performance","url":"/api/recipes"},"timestamp":"2026-05-18T17:02:57.485Z"}
{"level":"info","message":{"method":"GET","responseTimeMs":5.21,"statusCode":200,"type":"performance","url":"/api/recipes"},"timestamp":"2026-05-18T17:02:57.488Z"}
{"level":"info","message":{"method":"GET","responseTimeMs":6.43,"statusCode":200,"type":"performance","url":"/api/recipes"},"timestamp":"2026-05-18T17:02:57.489Z"}
{"level":"info","message":{"method":"GET","responseTimeMs":3.53,"statusCode":200,"type":"performance","url":"/api/recipes"},"timestamp":"2026-05-18T17:02:57.494Z"}
{"level":"info","message":{"method":"GET","responseTimeMs":5.67,"statusCode":200,"type":"performance","url":"/api/recipes"},"timestamp":"2026-05-18T17:02:57.497Z"}
{"level":"info","message":{"method":"GET","responseTimeMs":6.43,"statusCode":200,"type":"performance","url":"/api/recipes"},"timestamp":"2026-05-18T17:02:57.498Z"}
{"level":"info","message":{"method":"GET","responseTimeMs":7.32,"statusCode":200,"type":"performance","url":"/api/recipes"},"timestamp":"2026-05-18T17:02:57.499Z"}
{"level":"info","message":{"method":"GET","responseTimeMs":1.58,"statusCode":200,"type":"performance","url":"/api/recipes"},"timestamp":"2026-05-18T17:02:57.501Z"}
{"level":"info","message":{"method":"GET","responseTimeMs":2.61,"statusCode":200,"type":"performance","url":"/api/recipes"},"timestamp":"2026-05-18T17:02:57.503Z"}
{"level":"info","message":{"method":"GET","responseTimeMs":5.1,"statusCode":200,"type":"performance","url":"/api/recipes"},"timestamp":"2026-05-18T17:02:57.505Z"}
{"level":"info","message":{"method":"GET","responseTimeMs":8.32,"statusCode":200,"type":"performance","url":"/api/recipes"},"timestamp":"2026-05-18T17:02:57.509Z"}
{"level":"info","message":{"method":"GET","responseTimeMs":3.62,"statusCode":200,"type":"performance","url":"/api/recipes"},"timestamp":"2026-05-18T17:02:57.510Z"}
{"level":"info","message":{"method":"GET","responseTimeMs":3.96,"statusCode":200,"type":"performance","url":"/api/recipes"},"timestamp":"2026-05-18T17:02:57.511Z"}
{"level":"info","message":{"method":"GET","responseTimeMs":4.41,"statusCode":200,"type":"performance","url":"/api/recipes"},"timestamp":"2026-05-18T17:02:57.512Z"}
{"level":"info","message":{"method":"GET","responseTimeMs":4.98,"statusCode":200,"type":"performance","url":"/api/recipes"},"timestamp":"2026-05-18T17:02:57.513Z"}
{"level":"info","message":{"method":"GET","responseTimeMs":1.89,"statusCode":200,"type":"performance","url":"/api/recipes"},"timestamp":"2026-05-18T17:02:57.515Z"}
{"level":"info","message":{"method":"GET","responseTimeMs":2.94,"statusCode":200,"type":"performance","url":"/api/recipes"},"timestamp":"2026-05-18T17:02:57.517Z"}
{"level":"info","message":{"method":"GET","responseTimeMs":3.65,"statusCode":200,"type":"performance","url":"/api/recipes"},"timestamp":"2026-05-18T17:02:57.518Z"}
{"level":"info","message":{"method":"GET","responseTimeMs":4.32,"statusCode":200,"type":"performance","url":"/api/recipes"},"timestamp":"2026-05-18T17:02:57.518Z"}
{"level":"info","message":{"method":"GET","responseTimeMs":1.97,"statusCode":200,"type":"performance","url":"/api/recipes"},"timestamp":"2026-05-18T17:02:57.521Z"}
{"level":"info","message":{"method":"GET","responseTimeMs":3.08,"statusCode":200,"type":"performance","url":"/api/recipes"},"timestamp":"2026-05-18T17:02:57.522Z"}
{"level":"info","message":{"method":"GET","responseTimeMs":4.72,"statusCode":200,"type":"performance","url":"/api/recipes"},"timestamp":"2026-05-18T17:02:57.524Z"}
{"level":"info","message":{"method":"GET","responseTimeMs":5.61,"statusCode":200,"type":"performance","url":"/api/recipes"},"timestamp":"2026-05-18T17:02:57.525Z"}
{"level":"info","message":{"method":"GET","responseTimeMs":6.27,"statusCode":200,"type":"performance","url":"/api/recipes"},"timestamp":"2026-05-18T17:02:57.526Z"}
{"level":"info","message":{"method":"GET","responseTimeMs":2.05,"statusCode":200,"type":"performance","url":"/api/recipes"},"timestamp":"2026-05-18T17:02:57.529Z"}
{"level":"info","message":{"method":"GET","responseTimeMs":3.38,"statusCode":200,"type":"performance","url":"/api/recipes"},"timestamp":"2026-05-18T17:02:57.530Z"}
{"level":"info","message":{"method":"GET","responseTimeMs":4.56,"statusCode":200,"type":"performance","url":"/api/recipes"},"timestamp":"2026-05-18T17:02:57.532Z"}
{"level":"info","message":{"method":"GET","responseTimeMs":4.88,"statusCode":200,"type":"performance","url":"/api/recipes"},"timestamp":"2026-05-18T17:02:57.533Z"}
{"level":"info","message":{"method":"GET","responseTimeMs":5.83,"statusCode":200,"type":"performance","url":"/api/recipes"},"timestamp":"2026-05-18T17:02:57.534Z"}
{"level":"info","message":{"method":"GET","responseTimeMs":1.87,"statusCode":200,"type":"performance","url":"/api/recipes"},"timestamp":"2026-05-18T17:02:57.536Z"}
{"level":"info","message":{"method":"GET","responseTimeMs":2.71,"statusCode":200,"type":"performance","url":"/api/recipes"},"timestamp":"2026-05-18T17:02:57.537Z"}
{"level":"info","message":{"method":"GET","responseTimeMs":3.84,"statusCode":200,"type":"performance","url":"/api/recipes"},"timestamp":"2026-05-18T17:02:57.539Z"}
{"level":"info","message":{"method":"GET","responseTimeMs":1.37,"statusCode":200,"type":"performance","url":"/api/recipes"},"timestamp":"2026-05-18T17:02:57.541Z"}
{"level":"info","message":{"method":"GET","responseTimeMs":2.15,"statusCode":200,"type":"performance","url":"/api/recipes"},"timestamp":"2026-05-18T17:02:57.544Z"}
{"level":"info","message":{"method":"GET","responseTimeMs":2.84,"statusCode":200,"type":"performance","url":"/api/recipes"},"timestamp":"2026-05-18T17:02:57.545Z"}
{"level":"info","message":{"method":"GET","responseTimeMs":3.71,"statusCode":200,"type":"performance","url":"/api/recipes"},"timestamp":"2026-05-18T17:02:57.546Z"}
{"level":"info","message":{"method":"GET","responseTimeMs":4.71,"statusCode":200,"type":"performance","url":"/api/recipes"},"timestamp":"2026-05-18T17:02:57.548Z"}
{"level":"info","message":{"method":"GET","responseTimeMs":1.15,"statusCode":200,"type":"performance","url":"/api/recipes"},"timestamp":"2026-05-18T17:02:57.549Z"}
{"level":"info","message":{"method":"GET","responseTimeMs":1.81,"statusCode":200,"type":"performance","url":"/api/recipes"},"timestamp":"2026-05-18T17:02:57.550Z"}
{"level":"info","message":{"method":"GET","responseTimeMs":1.9,"statusCode":200,"type":"performance","url":"/api/recipes"},"timestamp":"2026-05-18T17:02:57.553Z"}
{"level":"info","message":{"method":"GET","responseTimeMs":3.98,"statusCode":200,"type":"performance","url":"/api/recipes"},"timestamp":"2026-05-18T17:02:57.555Z"}
{"level":"info","message":{"method":"GET","responseTimeMs":6.04,"statusCode":200,"type":"performance","url":"/api/recipes"},"timestamp":"2026-05-18T17:02:57.557Z"}
{"level":"info","message":{"method":"GET","responseTimeMs":6.9,"statusCode":200,"type":"performance","url":"/api/recipes"},"timestamp":"2026-05-18T17:02:57.558Z"}
{"level":"info","message":{"method":"GET","responseTimeMs":8.23,"statusCode":200,"type":"performance","url":"/api/recipes"},"timestamp":"2026-05-18T17:02:57.560Z"}
{"level":"info","message":{"method":"GET","responseTimeMs":2.37,"statusCode":200,"type":"performance","url":"/api/recipes"},"timestamp":"2026-05-18T17:02:57.561Z"}
{"level":"info","message":{"method":"GET","responseTimeMs":3.29,"statusCode":200,"type":"performance","url":"/api/recipes"},"timestamp":"2026-05-18T17:02:57.562Z"}
{"level":"info","message":{"method":"GET","responseTimeMs":4.55,"statusCode":200,"type":"performance","url":"/api/recipes"},"timestamp":"2026-05-18T17:02:57.564Z"}
{"level":"info","message":{"method":"GET","responseTimeMs":2.23,"statusCode":200,"type":"performance","url":"/api/recipes"},"timestamp":"2026-05-18T17:02:57.567Z"}
{"level":"info","message":{"method":"GET","responseTimeMs":3.07,"statusCode":200,"type":"performance","url":"/api/recipes"},"timestamp":"2026-05-18T17:02:57.568Z"}
{"level":"info","message":{"method":"GET","responseTimeMs":3.87,"statusCode":200,"type":"performance","url":"/api/recipes"},"timestamp":"2026-05-18T17:02:57.569Z"}
{"level":"info","message":{"method":"GET","responseTimeMs":4.43,"statusCode":200,"type":"performance","url":"/api/recipes"},"timestamp":"2026-05-18T17:02:57.570Z"}
{"level":"info","message":{"method":"GET","responseTimeMs":5.98,"statusCode":200,"type":"performance","url":"/api/recipes"},"timestamp":"2026-05-18T17:02:57.571Z"}
{"level":"info","message":{"method":"GET","responseTimeMs":7.56,"statusCode":200,"type":"performance","url":"/api/recipes"},"timestamp":"2026-05-18T17:02:57.573Z"}
{"level":"info","message":{"method":"GET","responseTimeMs":10.24,"statusCode":200,"type":"performance","url":"/api/recipes"},"timestamp":"2026-05-18T17:02:57.576Z"}
{"level":"info","message":{"method":"GET","responseTimeMs":3.18,"statusCode":200,"type":"performance","url":"/api/recipes"},"timestamp":"2026-05-18T17:02:57.577Z"}
{"level":"info","message":{"method":"GET","responseTimeMs":3.9,"statusCode":200,"type":"performance","url":"/api/recipes"},"timestamp":"2026-05-18T17:02:57.578Z"}
{"level":"info","message":{"method":"GET","responseTimeMs":4.55,"statusCode":200,"type":"performance","url":"/api/recipes"},"timestamp":"2026-05-18T17:02:57.579Z"}
{"level":"info","message":{"method":"GET","responseTimeMs":7.12,"statusCode":200,"type":"performance","url":"/api/recipes"},"timestamp":"2026-05-18T17:02:57.582Z"}
{"level":"info","message":{"method":"GET","responseTimeMs":3.68,"statusCode":200,"type":"performance","url":"/api/recipes"},"timestamp":"2026-05-18T17:02:57.584Z"}
{"level":"info","message":{"method":"GET","responseTimeMs":4.09,"statusCode":200,"type":"performance","url":"/api/recipes"},"timestamp":"2026-05-18T17:02:57.584Z"}
{"level":"info","message":{"method":"GET","responseTimeMs":4.85,"statusCode":200,"type":"performance","url":"/api/recipes"},"timestamp":"2026-05-18T17:02:57.585Z"}
{"level":"info","message":{"method":"GET","responseTimeMs":5.74,"statusCode":200,"type":"performance","url":"/api/recipes"},"timestamp":"2026-05-18T17:02:57.587Z"}
{"level":"info","message":{"method":"GET","responseTimeMs":3.35,"statusCode":200,"type":"performance","url":"/api/recipes"},"timestamp":"2026-05-18T17:02:57.591Z"}
{"level":"info","message":{"method":"GET","responseTimeMs":4.1,"statusCode":200,"type":"performance","url":"/api/recipes"},"timestamp":"2026-05-18T17:02:57.592Z"}
{"level":"info","message":{"method":"GET","responseTimeMs":4.81,"statusCode":200,"type":"performance","url":"/api/recipes"},"timestamp":"2026-05-18T17:02:57.593Z"}
{"level":"info","message":{"method":"GET","responseTimeMs":5.29,"statusCode":200,"type":"performance","url":"/api/recipes"},"timestamp":"2026-05-18T17:02:57.594Z"}
{"level":"info","message":{"method":"GET","responseTimeMs":5.94,"statusCode":200,"type":"performance","url":"/api/recipes"},"timestamp":"2026-05-18T17:02:57.595Z"}
{"level":"info","message":{"method":"GET","responseTimeMs":8.62,"statusCode":200,"type":"performance","url":"/api/recipes"},"timestamp":"2026-05-18T17:02:57.598Z"}
{"level":"info","message":{"method":"GET","responseTimeMs":3.48,"statusCode":200,"type":"performance","url":"/api/recipes"},"timestamp":"2026-05-18T17:02:57.599Z"}
{"level":"info","message":{"method":"GET","responseTimeMs":4.24,"statusCode":200,"type":"performance","url":"/api/recipes"},"timestamp":"2026-05-18T17:02:57.600Z"}
{"level":"info","message":{"method":"GET","responseTimeMs":4.47,"statusCode":200,"type":"performance","url":"/api/recipes"},"timestamp":"2026-05-18T17:02:57.601Z"}
{"level":"info","message":{"method":"GET","responseTimeMs":5.35,"statusCode":200,"type":"performance","url":"/api/recipes"},"timestamp":"2026-05-18T17:02:57.602Z"}
{"level":"info","message":{"method":"GET","responseTimeMs":6.37,"statusCode":200,"type":"performance","url":"/api/recipes"},"timestamp":"2026-05-18T17:02:57.604Z"}
{"level":"info","message":{"method":"GET","responseTimeMs":3.08,"statusCode":200,"type":"performance","url":"/api/recipes"},"timestamp":"2026-05-18T17:02:57.608Z"}
{"level":"info","message":{"method":"GET","responseTimeMs":3.58,"statusCode":200,"type":"performance","url":"/api/recipes"},"timestamp":"2026-05-18T17:02:57.609Z"}
{"level":"info","message":{"method":"GET","responseTimeMs":4.27,"statusCode":200,"type":"performance","url":"/api/recipes"},"timestamp":"2026-05-18T17:02:57.610Z"}
{"level":"info","message":{"method":"GET","responseTimeMs":4.91,"statusCode":200,"type":"performance","url":"/api/recipes"},"timestamp":"2026-05-18T17:02:57.611Z"}
{"level":"info","message":{"method":"GET","responseTimeMs":5.47,"statusCode":200,"type":"performance","url":"/api/recipes"},"timestamp":"2026-05-18T17:02:57.612Z"}
{"level":"info","message":{"method":"GET","responseTimeMs":7.12,"statusCode":200,"type":"performance","url":"/api/recipes"},"timestamp":"2026-05-18T17:02:57.614Z"}
{"level":"info","message":{"method":"GET","responseTimeMs":2.94,"statusCode":200,"type":"performance","url":"/api/recipes"},"timestamp":"2026-05-18T17:02:57.615Z"}
{"level":"info","message":{"method":"GET","responseTimeMs":3.67,"statusCode":200,"type":"performance","url":"/api/recipes"},"timestamp":"2026-05-18T17:02:57.616Z"}
{"level":"info","message":{"method":"GET","responseTimeMs":4.33,"statusCode":200,"type":"performance","url":"/api/recipes"},"timestamp":"2026-05-18T17:02:57.617Z"}
{"level":"info","message":{"method":"GET","responseTimeMs":4.93,"statusCode":200,"type":"performance","url":"/api/recipes"},"timestamp":"2026-05-18T17:02:57.618Z"}
{"level":"info","message":{"method":"GET","responseTimeMs":5.72,"statusCode":200,"type":"performance","url":"/api/recipes"},"timestamp":"2026-05-18T17:02:57.619Z"}
{"level":"info","message":{"method":"GET","responseTimeMs":6.56,"statusCode":200,"type":"performance","url":"/api/recipes"},"timestamp":"2026-05-18T17:02:57.620Z"}
{"level":"info","message":{"method":"GET","responseTimeMs":1.75,"statusCode":200,"type":"performance","url":"/api/recipes"},"timestamp":"2026-05-18T17:02:57.622Z"}
{"level":"info","message":{"method":"GET","responseTimeMs":2.4,"statusCode":200,"type":"performance","url":"/api/recipes"},"timestamp":"2026-05-18T17:02:57.623Z"}
{"level":"info","message":{"method":"GET","responseTimeMs":3.8,"statusCode":200,"type":"performance","url":"/api/recipes"},"timestamp":"2026-05-18T17:02:57.625Z"}
{"level":"info","message":{"method":"GET","responseTimeMs":4.67,"statusCode":200,"type":"performance","url":"/api/recipes"},"timestamp":"2026-05-18T17:02:57.626Z"}
{"level":"info","message":{"method":"GET","responseTimeMs":5.29,"statusCode":200,"type":"performance","url":"/api/recipes"},"timestamp":"2026-05-18T17:02:57.627Z"}
{"level":"info","message":{"method":"GET","responseTimeMs":2.74,"statusCode":200,"type":"performance","url":"/api/recipes"},"timestamp":"2026-05-18T17:02:57.630Z"}
{"level":"info","message":{"method":"GET","responseTimeMs":3.23,"statusCode":200,"type":"performance","url":"/api/recipes"},"timestamp":"2026-05-18T17:02:57.631Z"}
{"level":"info","message":{"method":"GET","responseTimeMs":3.99,"statusCode":200,"type":"performance","url":"/api/recipes"},"timestamp":"2026-05-18T17:02:57.632Z"}
{"level":"info","message":{"method":"GET","responseTimeMs":4.56,"statusCode":200,"type":"performance","url":"/api/recipes"},"timestamp":"2026-05-18T17:02:57.633Z"}
{"level":"info","message":{"method":"GET","responseTimeMs":5.04,"statusCode":200,"type":"performance","url":"/api/recipes"},"timestamp":"2026-05-18T17:02:57.634Z"}
{"level":"info","message":{"method":"GET","responseTimeMs":5.4,"statusCode":200,"type":"performance","url":"/api/recipes"},"timestamp":"2026-05-18T17:02:57.634Z"}
{"level":"info","message":{"method":"GET","responseTimeMs":5.8,"statusCode":200,"type":"performance","url":"/api/recipes"},"timestamp":"2026-05-18T17:02:57.635Z"}
{"level":"info","message":{"method":"GET","responseTimeMs":6.25,"statusCode":200,"type":"performance","url":"/api/recipes"},"timestamp":"2026-05-18T17:02:57.636Z"}
{"level":"info","message":{"method":"GET","responseTimeMs":2.2,"statusCode":200,"type":"performance","url":"/api/recipes"},"timestamp":"2026-05-18T17:02:57.638Z"}
{"level":"info","message":{"method":"GET","responseTimeMs":4.29,"statusCode":200,"type":"performance","url":"/api/recipes"},"timestamp":"2026-05-18T17:02:57.641Z"}
{"level":"info","message":{"method":"GET","responseTimeMs":5.06,"statusCode":200,"type":"performance","url":"/api/recipes"},"timestamp":"2026-05-18T17:02:57.642Z"}
{"level":"info","message":{"method":"GET","responseTimeMs":5.85,"statusCode":200,"type":"performance","url":"/api/recipes"},"timestamp":"2026-05-18T17:02:57.643Z"}
{"level":"info","message":{"method":"GET","responseTimeMs":6.98,"statusCode":200,"type":"performance","url":"/api/recipes"},"timestamp":"2026-05-18T17:02:57.644Z"}
{"level":"info","message":{"method":"GET","responseTimeMs":2.12,"statusCode":200,"type":"performance","url":"/api/recipes"},"timestamp":"2026-05-18T17:02:57.647Z"}
{"level":"info","message":{"method":"GET","responseTimeMs":2.96,"statusCode":200,"type":"performance","url":"/api/recipes"},"timestamp":"2026-05-18T17:02:57.648Z"}
{"level":"info","message":{"method":"GET","responseTimeMs":3.92,"statusCode":200,"type":"performance","url":"/api/recipes"},"timestamp":"2026-05-18T17:02:57.649Z"}
{"level":"info","message":{"method":"GET","responseTimeMs":4.56,"statusCode":200,"type":"performance","url":"/api/recipes"},"timestamp":"2026-05-18T17:02:57.650Z"}
{"level":"info","message":{"method":"GET","responseTimeMs":5.13,"statusCode":200,"type":"performance","url":"/api/recipes"},"timestamp":"2026-05-18T17:02:57.651Z"}
{"level":"info","message":{"method":"GET","responseTimeMs":5.67,"statusCode":200,"type":"performance","url":"/api/recipes"},"timestamp":"2026-05-18T17:02:57.652Z"}
{"level":"info","message":{"method":"GET","responseTimeMs":10.27,"statusCode":200,"type":"performance","url":"/api/recipes"},"timestamp":"2026-05-18T17:02:57.656Z"}
{"level":"info","message":{"method":"GET","responseTimeMs":5.75,"statusCode":200,"type":"performance","url":"/api/recipes"},"timestamp":"2026-05-18T17:02:57.658Z"}
{"level":"info","message":{"method":"GET","responseTimeMs":6.15,"statusCode":200,"type":"performance","url":"/api/recipes"},"timestamp":"2026-05-18T17:02:57.659Z"}
{"level":"info","message":{"method":"GET","responseTimeMs":6.54,"statusCode":200,"type":"performance","url":"/api/recipes"},"timestamp":"2026-05-18T17:02:57.660Z"}
{"level":"info","message":{"method":"GET","responseTimeMs":7.05,"statusCode":200,"type":"performance","url":"/api/recipes"},"timestamp":"2026-05-18T17:02:57.661Z"}
{"level":"info","message":{"method":"GET","responseTimeMs":6.92,"statusCode":200,"type":"performance","url":"/api/recipes"},"timestamp":"2026-05-18T17:02:57.662Z"}
{"level":"info","message":{"method":"GET","responseTimeMs":7.45,"statusCode":200,"type":"performance","url":"/api/recipes"},"timestamp":"2026-05-18T17:02:57.662Z"}
{"level":"info","message":{"method":"GET","responseTimeMs":8.05,"statusCode":200,"type":"performance","url":"/api/recipes"},"timestamp":"2026-05-18T17:02:57.663Z"}
{"level":"info","message":{"method":"GET","responseTimeMs":2.02,"statusCode":200,"type":"performance","url":"/api/recipes"},"timestamp":"2026-05-18T17:02:57.666Z"}
{"level":"info","message":{"method":"GET","responseTimeMs":2.71,"statusCode":200,"type":"performance","url":"/api/recipes"},"timestamp":"2026-05-18T17:02:57.667Z"}
{"level":"info","message":{"method":"GET","responseTimeMs":3.3,"statusCode":200,"type":"performance","url":"/api/recipes"},"timestamp":"2026-05-18T17:02:57.668Z"}
{"level":"info","message":{"method":"GET","responseTimeMs":4.05,"statusCode":200,"type":"performance","url":"/api/recipes"},"timestamp":"2026-05-18T17:02:57.669Z"}
{"level":"info","message":{"method":"GET","responseTimeMs":5.3,"statusCode":200,"type":"performance","url":"/api/recipes"},"timestamp":"2026-05-18T17:02:57.670Z"}
{"level":"info","message":{"method":"GET","responseTimeMs":6.45,"statusCode":200,"type":"performance","url":"/api/recipes"},"timestamp":"2026-05-18T17:02:57.672Z"}
{"level":"info","message":{"method":"GET","responseTimeMs":2.83,"statusCode":200,"type":"performance","url":"/api/recipes"},"timestamp":"2026-05-18T17:02:57.675Z"}
{"level":"info","message":{"method":"GET","responseTimeMs":2.82,"statusCode":200,"type":"performance","url":"/api/recipes"},"timestamp":"2026-05-18T17:02:57.676Z"}
{"level":"info","message":{"method":"GET","responseTimeMs":3.33,"statusCode":200,"type":"performance","url":"/api/recipes"},"timestamp":"2026-05-18T17:02:57.677Z"}
{"level":"info","message":{"method":"GET","responseTimeMs":4,"statusCode":200,"type":"performance","url":"/api/recipes"},"timestamp":"2026-05-18T17:02:57.678Z"}
{"level":"info","message":{"method":"GET","responseTimeMs":4.63,"statusCode":200,"type":"performance","url":"/api/recipes"},"timestamp":"2026-05-18T17:02:57.679Z"}
{"level":"info","message":{"method":"GET","responseTimeMs":5.71,"statusCode":200,"type":"performance","url":"/api/recipes"},"timestamp":"2026-05-18T17:02:57.680Z"}
{"level":"info","message":{"method":"GET","responseTimeMs":6.62,"statusCode":200,"type":"performance","url":"/api/recipes"},"timestamp":"2026-05-18T17:02:57.681Z"}
{"level":"info","message":{"method":"GET","responseTimeMs":7.14,"statusCode":200,"type":"performance","url":"/api/recipes"},"timestamp":"2026-05-18T17:02:57.682Z"}
{"level":"info","message":{"method":"GET","responseTimeMs":2,"statusCode":200,"type":"performance","url":"/api/recipes"},"timestamp":"2026-05-18T17:02:57.684Z"}
{"level":"info","message":{"method":"GET","responseTimeMs":2.82,"statusCode":200,"type":"performance","url":"/api/recipes"},"timestamp":"2026-05-18T17:02:57.685Z"}
{"level":"info","message":{"method":"GET","responseTimeMs":3.68,"statusCode":200,"type":"performance","url":"/api/recipes"},"timestamp":"2026-05-18T17:02:57.686Z"}
{"level":"info","message":{"method":"GET","responseTimeMs":4.75,"statusCode":200,"type":"performance","url":"/api/recipes"},"timestamp":"2026-05-18T17:02:57.688Z"}
{"level":"info","message":{"method":"GET","responseTimeMs":5.63,"statusCode":200,"type":"performance","url":"/api/recipes"},"timestamp":"2026-05-18T17:02:57.689Z"}
{"level":"info","message":{"method":"GET","responseTimeMs":1.94,"statusCode":200,"type":"performance","url":"/api/recipes"},"timestamp":"2026-05-18T17:02:57.691Z"}
{"level":"info","message":{"method":"GET","responseTimeMs":3.33,"statusCode":200,"type":"performance","url":"/api/recipes"},"timestamp":"2026-05-18T17:02:57.693Z"}
{"level":"info","message":{"method":"GET","responseTimeMs":4.46,"statusCode":200,"type":"performance","url":"/api/recipes"},"timestamp":"2026-05-18T17:02:57.694Z"}
{"level":"info","message":{"method":"GET","responseTimeMs":5.63,"statusCode":200,"type":"performance","url":"/api/recipes"},"timestamp":"2026-05-18T17:02:57.695Z"}
{"level":"info","message":{"method":"GET","responseTimeMs":6.34,"statusCode":200,"type":"performance","url":"/api/recipes"},"timestamp":"2026-05-18T17:02:57.696Z"}
{"level":"info","message":{"method":"GET","responseTimeMs":7.12,"statusCode":200,"type":"performance","url":"/api/recipes"},"timestamp":"2026-05-18T17:02:57.697Z"}
{"level":"info","message":{"method":"GET","responseTimeMs":8.01,"statusCode":200,"type":"performance","url":"/api/recipes"},"timestamp":"2026-05-18T17:02:57.698Z"}
{"level":"info","message":{"method":"GET","responseTimeMs":8.78,"statusCode":200,"type":"performance","url":"/api/recipes"},"timestamp":"2026-05-18T17:02:57.699Z"}
{"level":"info","message":{"method":"GET","responseTimeMs":9.4,"statusCode":200,"type":"performance","url":"/api/recipes"},"timestamp":"2026-05-18T17:02:57.700Z"}
{"level":"info","message":{"method":"GET","responseTimeMs":1.39,"statusCode":200,"type":"performance","url":"/api/recipes"},"timestamp":"2026-05-18T17:02:57.702Z"}
{"level":"info","message":{"method":"GET","responseTimeMs":1.92,"statusCode":200,"type":"performance","url":"/api/recipes"},"timestamp":"2026-05-18T17:02:57.703Z"}
{"level":"info","message":{"method":"GET","responseTimeMs":3.17,"statusCode":200,"type":"performance","url":"/api/recipes"},"timestamp":"2026-05-18T17:02:57.704Z"}
{"level":"info","message":{"method":"GET","responseTimeMs":4.91,"statusCode":200,"type":"performance","url":"/api/recipes"},"timestamp":"2026-05-18T17:02:57.706Z"}
{"level":"info","message":{"method":"GET","responseTimeMs":6.57,"statusCode":200,"type":"performance","url":"/api/recipes"},"timestamp":"2026-05-18T17:02:57.708Z"}
{"level":"info","message":{"method":"GET","responseTimeMs":3.21,"statusCode":200,"type":"performance","url":"/api/recipes"},"timestamp":"2026-05-18T17:02:57.711Z"}
{"level":"info","message":{"method":"GET","responseTimeMs":3.58,"statusCode":200,"type":"performance","url":"/api/recipes"},"timestamp":"2026-05-18T17:02:57.712Z"}
{"level":"info","message":{"method":"GET","responseTimeMs":3.99,"statusCode":200,"type":"performance","url":"/api/recipes"},"timestamp":"2026-05-18T17:02:57.713Z"}
{"level":"info","message":{"method":"GET","responseTimeMs":4.66,"statusCode":200,"type":"performance","url":"/api/recipes"},"timestamp":"2026-05-18T17:02:57.714Z"}
{"level":"info","message":{"method":"GET","responseTimeMs":5.11,"statusCode":200,"type":"performance","url":"/api/recipes"},"timestamp":"2026-05-18T17:02:57.714Z"}
{"level":"info","message":{"method":"GET","responseTimeMs":5.87,"statusCode":200,"type":"performance","url":"/api/recipes"},"timestamp":"2026-05-18T17:02:57.715Z"}
{"level":"info","message":{"method":"GET","responseTimeMs":6.45,"statusCode":200,"type":"performance","url":"/api/recipes"},"timestamp":"2026-05-18T17:02:57.716Z"}
{"level":"info","message":{"method":"GET","responseTimeMs":7.17,"statusCode":200,"type":"performance","url":"/api/recipes"},"timestamp":"2026-05-18T17:02:57.717Z"}
{"level":"info","message":{"method":"GET","responseTimeMs":7.59,"statusCode":200,"type":"performance","url":"/api/recipes"},"timestamp":"2026-05-18T17:02:57.718Z"}
{"level":"info","message":{"method":"GET","responseTimeMs":2.9,"statusCode":200,"type":"performance","url":"/api/recipes"},"timestamp":"2026-05-18T17:02:57.722Z"}
{"level":"info","message":{"method":"GET","responseTimeMs":3.71,"statusCode":200,"type":"performance","url":"/api/recipes"},"timestamp":"2026-05-18T17:02:57.723Z"}
{"level":"info","message":{"method":"GET","responseTimeMs":5.05,"statusCode":200,"type":"performance","url":"/api/recipes"},"timestamp":"2026-05-18T17:02:57.724Z"}
{"level":"info","message":{"method":"GET","responseTimeMs":5.59,"statusCode":200,"type":"performance","url":"/api/recipes"},"timestamp":"2026-05-18T17:02:57.725Z"}
{"level":"info","message":{"method":"GET","responseTimeMs":6,"statusCode":200,"type":"performance","url":"/api/recipes"},"timestamp":"2026-05-18T17:02:57.726Z"}
{"level":"info","message":{"method":"GET","responseTimeMs":6.64,"statusCode":200,"type":"performance","url":"/api/recipes"},"timestamp":"2026-05-18T17:02:57.727Z"}
{"level":"info","message":{"method":"GET","responseTimeMs":2.52,"statusCode":200,"type":"performance","url":"/api/recipes"},"timestamp":"2026-05-18T17:02:57.730Z"}
{"level":"info","message":{"method":"GET","responseTimeMs":3.21,"statusCode":200,"type":"performance","url":"/api/recipes"},"timestamp":"2026-05-18T17:02:57.731Z"}
{"level":"info","message":{"method":"GET","responseTimeMs":4.24,"statusCode":200,"type":"performance","url":"/api/recipes"},"timestamp":"2026-05-18T17:02:57.732Z"}
{"level":"info","message":{"method":"GET","responseTimeMs":4.91,"statusCode":200,"type":"performance","url":"/api/recipes"},"timestamp":"2026-05-18T17:02:57.733Z"}
{"level":"info","message":{"method":"GET","responseTimeMs":5.24,"statusCode":200,"type":"performance","url":"/api/recipes"},"timestamp":"2026-05-18T17:02:57.733Z"}
{"level":"info","message":{"method":"GET","responseTimeMs":5.69,"statusCode":200,"type":"performance","url":"/api/recipes"},"timestamp":"2026-05-18T17:02:57.734Z"}
{"level":"info","message":{"method":"GET","responseTimeMs":6.15,"statusCode":200,"type":"performance","url":"/api/recipes"},"timestamp":"2026-05-18T17:02:57.735Z"}
{"level":"info","message":{"method":"GET","responseTimeMs":6.79,"statusCode":200,"type":"performance","url":"/api/recipes"},"timestamp":"2026-05-18T17:02:57.735Z"}
{"level":"info","message":{"method":"GET","responseTimeMs":7.66,"statusCode":200,"type":"performance","url":"/api/recipes"},"timestamp":"2026-05-18T17:02:57.737Z"}
{"level":"info","message":{"method":"GET","responseTimeMs":3.05,"statusCode":200,"type":"performance","url":"/api/recipes"},"timestamp":"2026-05-18T17:02:57.740Z"}
{"level":"info","message":{"method":"GET","responseTimeMs":3.29,"statusCode":200,"type":"performance","url":"/api/recipes"},"timestamp":"2026-05-18T17:02:57.741Z"}
{"level":"info","message":{"method":"GET","responseTimeMs":3.81,"statusCode":200,"type":"performance","url":"/api/recipes"},"timestamp":"2026-05-18T17:02:57.742Z"}
{"level":"info","message":{"method":"GET","responseTimeMs":4.33,"statusCode":200,"type":"performance","url":"/api/recipes"},"timestamp":"2026-05-18T17:02:57.743Z"}
{"level":"info","message":{"method":"GET","responseTimeMs":4.96,"statusCode":200,"type":"performance","url":"/api/recipes"},"timestamp":"2026-05-18T17:02:57.744Z"}
{"level":"info","message":{"method":"GET","responseTimeMs":5.5,"statusCode":200,"type":"performance","url":"/api/recipes"},"timestamp":"2026-05-18T17:02:57.745Z"}
{"level":"info","message":{"method":"GET","responseTimeMs":2.3,"statusCode":200,"type":"performance","url":"/api/recipes"},"timestamp":"2026-05-18T17:02:57.748Z"}
{"level":"info","message":{"method":"GET","responseTimeMs":3.07,"statusCode":200,"type":"performance","url":"/api/recipes"},"timestamp":"2026-05-18T17:02:57.749Z"}
{"level":"info","message":{"method":"GET","responseTimeMs":3.78,"statusCode":200,"type":"performance","url":"/api/recipes"},"timestamp":"2026-05-18T17:02:57.749Z"}
{"level":"info","message":{"method":"GET","responseTimeMs":4.52,"statusCode":200,"type":"performance","url":"/api/recipes"},"timestamp":"2026-05-18T17:02:57.750Z"}
{"level":"info","message":{"method":"GET","responseTimeMs":5.31,"statusCode":200,"type":"performance","url":"/api/recipes"},"timestamp":"2026-05-18T17:02:57.751Z"}
{"level":"info","message":{"method":"GET","responseTimeMs":6.16,"statusCode":200,"type":"performance","url":"/api/recipes"},"timestamp":"2026-05-18T17:02:57.752Z"}
{"level":"info","message":{"method":"GET","responseTimeMs":8.24,"statusCode":200,"type":"performance","url":"/api/recipes"},"timestamp":"2026-05-18T17:02:57.754Z"}
{"level":"info","message":{"method":"GET","responseTimeMs":9.71,"statusCode":200,"type":"performance","url":"/api/recipes"},"timestamp":"2026-05-18T17:02:57.756Z"}
{"level":"info","message":{"method":"GET","responseTimeMs":2.4,"statusCode":200,"type":"performance","url":"/api/recipes"},"timestamp":"2026-05-18T17:02:57.760Z"}
{"level":"info","message":{"method":"GET","responseTimeMs":3.19,"statusCode":200,"type":"performance","url":"/api/recipes"},"timestamp":"2026-05-18T17:02:57.761Z"}
{"level":"info","message":{"method":"GET","responseTimeMs":4.12,"statusCode":200,"type":"performance","url":"/api/recipes"},"timestamp":"2026-05-18T17:02:57.762Z"}
{"level":"info","message":{"method":"GET","responseTimeMs":4.89,"statusCode":200,"type":"performance","url":"/api/recipes"},"timestamp":"2026-05-18T17:02:57.763Z"}
{"level":"info","message":{"method":"GET","responseTimeMs":5.84,"statusCode":200,"type":"performance","url":"/api/recipes"},"timestamp":"2026-05-18T17:02:57.764Z"}
{"level":"info","message":{"method":"GET","responseTimeMs":6.48,"statusCode":200,"type":"performance","url":"/api/recipes"},"timestamp":"2026-05-18T17:02:57.765Z"}
{"level":"info","message":{"method":"GET","responseTimeMs":7.35,"statusCode":200,"type":"performance","url":"/api/recipes"},"timestamp":"2026-05-18T17:02:57.766Z"}
{"level":"info","message":{"method":"GET","responseTimeMs":2.9,"statusCode":200,"type":"performance","url":"/api/recipes"},"timestamp":"2026-05-18T17:02:57.770Z"}
{"level":"info","message":{"method":"GET","responseTimeMs":4.27,"statusCode":200,"type":"performance","url":"/api/recipes"},"timestamp":"2026-05-18T17:02:57.772Z"}
{"level":"info","message":{"method":"GET","responseTimeMs":6.16,"statusCode":200,"type":"performance","url":"/api/recipes"},"timestamp":"2026-05-18T17:02:57.774Z"}
{"level":"info","message":{"method":"GET","responseTimeMs":6.99,"statusCode":200,"type":"performance","url":"/api/recipes"},"timestamp":"2026-05-18T17:02:57.775Z"}
{"level":"info","message":{"method":"GET","responseTimeMs":7.7,"statusCode":200,"type":"performance","url":"/api/recipes"},"timestamp":"2026-05-18T17:02:57.776Z"}
{"level":"info","message":{"method":"GET","responseTimeMs":8.42,"statusCode":200,"type":"performance","url":"/api/recipes"},"timestamp":"2026-05-18T17:02:57.777Z"}
{"level":"info","message":{"method":"GET","responseTimeMs":9.06,"statusCode":200,"type":"performance","url":"/api/recipes"},"timestamp":"2026-05-18T17:02:57.777Z"}
{"level":"info","message":{"method":"GET","responseTimeMs":9.96,"statusCode":200,"type":"performance","url":"/api/recipes"},"timestamp":"2026-05-18T17:02:57.778Z"}
{"level":"info","message":{"method":"GET","responseTimeMs":10.73,"statusCode":200,"type":"performance","url":"/api/recipes"},"timestamp":"2026-05-18T17:02:57.779Z"}
{"level":"info","message":{"method":"GET","responseTimeMs":1.83,"statusCode":200,"type":"performance","url":"/api/recipes"},"timestamp":"2026-05-18T17:02:57.781Z"}
{"level":"info","message":{"method":"GET","responseTimeMs":2.47,"statusCode":200,"type":"performance","url":"/api/recipes"},"timestamp":"2026-05-18T17:02:57.782Z"}
{"level":"info","message":{"method":"GET","responseTimeMs":3.01,"statusCode":200,"type":"performance","url":"/api/recipes"},"timestamp":"2026-05-18T17:02:57.783Z"}
{"level":"info","message":{"method":"GET","responseTimeMs":3.57,"statusCode":200,"type":"performance","url":"/api/recipes"},"timestamp":"2026-05-18T17:02:57.784Z"}
{"level":"info","message":{"method":"GET","responseTimeMs":4.05,"statusCode":200,"type":"performance","url":"/api/recipes"},"timestamp":"2026-05-18T17:02:57.784Z"}
{"level":"info","message":{"method":"GET","responseTimeMs":4.46,"statusCode":200,"type":"performance","url":"/api/recipes"},"timestamp":"2026-05-18T17:02:57.785Z"}
{"level":"info","message":{"method":"GET","responseTimeMs":4.89,"statusCode":200,"type":"performance","url":"/api/recipes"},"timestamp":"2026-05-18T17:02:57.786Z"}
{"level":"info","message":{"method":"GET","responseTimeMs":2.55,"statusCode":200,"type":"performance","url":"/api/recipes"},"timestamp":"2026-05-18T17:02:57.788Z"}
{"level":"info","message":{"method":"GET","responseTimeMs":4,"statusCode":200,"type":"performance","url":"/api/recipes"},"timestamp":"2026-05-18T17:02:57.790Z"}
{"level":"info","message":{"method":"GET","responseTimeMs":4.81,"statusCode":200,"type":"performance","url":"/api/recipes"},"timestamp":"2026-05-18T17:02:57.791Z"}
{"level":"info","message":{"method":"GET","responseTimeMs":5.23,"statusCode":200,"type":"performance","url":"/api/recipes"},"timestamp":"2026-05-18T17:02:57.792Z"}
{"level":"info","message":{"method":"GET","responseTimeMs":5.58,"statusCode":200,"type":"performance","url":"/api/recipes"},"timestamp":"2026-05-18T17:02:57.792Z"}
{"level":"info","message":{"method":"GET","responseTimeMs":6.28,"statusCode":200,"type":"performance","url":"/api/recipes"},"timestamp":"2026-05-18T17:02:57.793Z"}
{"level":"info","message":{"method":"GET","responseTimeMs":7.19,"statusCode":200,"type":"performance","url":"/api/recipes"},"timestamp":"2026-05-18T17:02:57.794Z"}
{"level":"info","message":{"method":"GET","responseTimeMs":7.77,"statusCode":200,"type":"performance","url":"/api/recipes"},"timestamp":"2026-05-18T17:02:57.795Z"}
{"level":"info","message":{"method":"GET","responseTimeMs":2.08,"statusCode":200,"type":"performance","url":"/api/recipes"},"timestamp":"2026-05-18T17:02:57.798Z"}
{"level":"info","message":{"method":"GET","responseTimeMs":2.53,"statusCode":200,"type":"performance","url":"/api/recipes"},"timestamp":"2026-05-18T17:02:57.799Z"}
{"level":"info","message":{"method":"GET","responseTimeMs":3.03,"statusCode":200,"type":"performance","url":"/api/recipes"},"timestamp":"2026-05-18T17:02:57.799Z"}
{"level":"info","message":{"method":"GET","responseTimeMs":3.64,"statusCode":200,"type":"performance","url":"/api/recipes"},"timestamp":"2026-05-18T17:02:57.800Z"}
{"level":"info","message":{"method":"GET","responseTimeMs":4.22,"statusCode":200,"type":"performance","url":"/api/recipes"},"timestamp":"2026-05-18T17:02:57.801Z"}
{"level":"info","message":{"method":"GET","responseTimeMs":4.85,"statusCode":200,"type":"performance","url":"/api/recipes"},"timestamp":"2026-05-18T17:02:57.802Z"}
{"level":"info","message":{"method":"GET","responseTimeMs":5.45,"statusCode":200,"type":"performance","url":"/api/recipes"},"timestamp":"2026-05-18T17:02:57.802Z"}
{"level":"info","message":{"method":"GET","responseTimeMs":6.28,"statusCode":200,"type":"performance","url":"/api/recipes"},"timestamp":"2026-05-18T17:02:57.803Z"}
{"level":"info","message":{"method":"GET","responseTimeMs":7.22,"statusCode":200,"type":"performance","url":"/api/recipes"},"timestamp":"2026-05-18T17:02:57.804Z"}
{"level":"info","message":{"method":"GET","responseTimeMs":2.85,"statusCode":200,"type":"performance","url":"/api/recipes"},"timestamp":"2026-05-18T17:02:57.808Z"}
{"level":"info","message":{"method":"GET","responseTimeMs":3.44,"statusCode":200,"type":"performance","url":"/api/recipes"},"timestamp":"2026-05-18T17:02:57.809Z"}
{"level":"info","message":{"method":"GET","responseTimeMs":4.58,"statusCode":200,"type":"performance","url":"/api/recipes"},"timestamp":"2026-05-18T17:02:57.810Z"}
{"level":"info","message":{"method":"GET","responseTimeMs":5.21,"statusCode":200,"type":"performance","url":"/api/recipes"},"timestamp":"2026-05-18T17:02:57.811Z"}
{"level":"info","message":{"method":"GET","responseTimeMs":5.71,"statusCode":200,"type":"performance","url":"/api/recipes"},"timestamp":"2026-05-18T17:02:57.812Z"}
{"level":"info","message":{"method":"GET","responseTimeMs":6.29,"statusCode":200,"type":"performance","url":"/api/recipes"},"timestamp":"2026-05-18T17:02:57.813Z"}
{"level":"info","message":{"method":"GET","responseTimeMs":7,"statusCode":200,"type":"performance","url":"/api/recipes"},"timestamp":"2026-05-18T17:02:57.813Z"}
{"level":"info","message":{"method":"GET","responseTimeMs":7.48,"statusCode":200,"type":"performance","url":"/api/recipes"},"timestamp":"2026-05-18T17:02:57.814Z"}
{"level":"info","message":{"method":"GET","responseTimeMs":8.08,"statusCode":200,"type":"performance","url":"/api/recipes"},"timestamp":"2026-05-18T17:02:57.815Z"}
{"level":"info","message":{"method":"GET","responseTimeMs":2.79,"statusCode":200,"type":"performance","url":"/api/recipes"},"timestamp":"2026-05-18T17:02:57.818Z"}
{"level":"info","message":{"method":"GET","responseTimeMs":3.37,"statusCode":200,"type":"performance","url":"/api/recipes"},"timestamp":"2026-05-18T17:02:57.819Z"}
{"level":"info","message":{"method":"GET","responseTimeMs":4.28,"statusCode":200,"type":"performance","url":"/api/recipes"},"timestamp":"2026-05-18T17:02:57.820Z"}
{"level":"info","message":{"method":"GET","responseTimeMs":5.38,"statusCode":200,"type":"performance","url":"/api/recipes"},"timestamp":"2026-05-18T17:02:57.822Z"}
{"level":"info","message":{"method":"GET","responseTimeMs":6.79,"statusCode":200,"type":"performance","url":"/api/recipes"},"timestamp":"2026-05-18T17:02:57.823Z"}
{"level":"info","message":{"method":"GET","responseTimeMs":7.17,"statusCode":200,"type":"performance","url":"/api/recipes"},"timestamp":"2026-05-18T17:02:57.824Z"}
{"level":"info","message":{"method":"GET","responseTimeMs":7.85,"statusCode":200,"type":"performance","url":"/api/recipes"},"timestamp":"2026-05-18T17:02:57.825Z"}
{"level":"info","message":{"method":"GET","responseTimeMs":8.47,"statusCode":200,"type":"performance","url":"/api/recipes"},"timestamp":"2026-05-18T17:02:57.826Z"}
{"level":"info","message":{"method":"GET","responseTimeMs":9.06,"statusCode":200,"type":"performance","url":"/api/recipes"},"timestamp":"2026-05-18T17:02:57.827Z"}
{"level":"info","message":{"method":"GET","responseTimeMs":2.3,"statusCode":200,"type":"performance","url":"/api/recipes"},"timestamp":"2026-05-18T17:02:57.829Z"}
{"level":"info","message":{"method":"GET","responseTimeMs":2.86,"statusCode":200,"type":"performance","url":"/api/recipes"},"timestamp":"2026-05-18T17:02:57.830Z"}
{"level":"info","message":{"method":"GET","responseTimeMs":3.57,"statusCode":200,"type":"performance","url":"/api/recipes"},"timestamp":"2026-05-18T17:02:57.831Z"}
{"level":"info","message":{"method":"GET","responseTimeMs":4.16,"statusCode":200,"type":"performance","url":"/api/recipes"},"timestamp":"2026-05-18T17:02:57.832Z"}
{"level":"info","message":{"method":"GET","responseTimeMs":4.87,"statusCode":200,"type":"performance","url":"/api/recipes"},"timestamp":"2026-05-18T17:02:57.833Z"}
{"level":"info","message":{"method":"GET","responseTimeMs":6,"statusCode":200,"type":"performance","url":"/api/recipes"},"timestamp":"2026-05-18T17:02:57.834Z"}
{"level":"info","message":{"method":"GET","responseTimeMs":6.97,"statusCode":200,"type":"performance","url":"/api/recipes"},"timestamp":"2026-05-18T17:02:57.835Z"}
{"level":"info","message":{"method":"GET","responseTimeMs":7.96,"statusCode":200,"type":"performance","url":"/api/recipes"},"timestamp":"2026-05-18T17:02:57.837Z"}
{"level":"info","message":{"method":"GET","responseTimeMs":9.69,"statusCode":200,"type":"performance","url":"/api/recipes"},"timestamp":"2026-05-18T17:02:57.839Z"}
{"level":"info","message":{"method":"GET","responseTimeMs":3.04,"statusCode":200,"type":"performance","url":"/api/recipes"},"timestamp":"2026-05-18T17:02:57.842Z"}
{"level":"info","message":{"method":"GET","responseTimeMs":3.33,"statusCode":200,"type":"performance","url":"/api/recipes"},"timestamp":"2026-05-18T17:02:57.843Z"}
{"level":"info","message":{"method":"GET","responseTimeMs":3.81,"statusCode":200,"type":"performance","url":"/api/recipes"},"timestamp":"2026-05-18T17:02:57.844Z"}
{"level":"info","message":{"method":"GET","responseTimeMs":4.31,"statusCode":200,"type":"performance","url":"/api/recipes"},"timestamp":"2026-05-18T17:02:57.845Z"}
{"level":"info","message":{"method":"GET","responseTimeMs":4.72,"statusCode":200,"type":"performance","url":"/api/recipes"},"timestamp":"2026-05-18T17:02:57.845Z"}
{"level":"info","message":{"method":"GET","responseTimeMs":5.28,"statusCode":200,"type":"performance","url":"/api/recipes"},"timestamp":"2026-05-18T17:02:57.846Z"}
{"level":"info","message":{"method":"GET","responseTimeMs":5.77,"statusCode":200,"type":"performance","url":"/api/recipes"},"timestamp":"2026-05-18T17:02:57.847Z"}
{"level":"info","message":{"method":"GET","responseTimeMs":6.42,"statusCode":200,"type":"performance","url":"/api/recipes"},"timestamp":"2026-05-18T17:02:57.848Z"}
{"level":"info","message":{"method":"GET","responseTimeMs":7.11,"statusCode":200,"type":"performance","url":"/api/recipes"},"timestamp":"2026-05-18T17:02:57.849Z"}
{"level":"info","message":{"method":"GET","responseTimeMs":2.2,"statusCode":200,"type":"performance","url":"/api/recipes"},"timestamp":"2026-05-18T17:02:57.851Z"}
{"level":"info","message":{"method":"GET","responseTimeMs":2.63,"statusCode":200,"type":"performance","url":"/api/recipes"},"timestamp":"2026-05-18T17:02:57.852Z"}
{"level":"info","message":{"method":"GET","responseTimeMs":3.42,"statusCode":200,"type":"performance","url":"/api/recipes"},"timestamp":"2026-05-18T17:02:57.853Z"}
{"level":"info","message":{"method":"GET","responseTimeMs":4.5,"statusCode":200,"type":"performance","url":"/api/recipes"},"timestamp":"2026-05-18T17:02:57.854Z"}
{"level":"info","message":{"method":"GET","responseTimeMs":5.74,"statusCode":200,"type":"performance","url":"/api/recipes"},"timestamp":"2026-05-18T17:02:57.856Z"}
{"level":"info","message":{"method":"GET","responseTimeMs":6.87,"statusCode":200,"type":"performance","url":"/api/recipes"},"timestamp":"2026-05-18T17:02:57.857Z"}
{"level":"info","message":{"method":"GET","responseTimeMs":7.58,"statusCode":200,"type":"performance","url":"/api/recipes"},"timestamp":"2026-05-18T17:02:57.858Z"}
{"level":"info","message":{"method":"GET","responseTimeMs":8.37,"statusCode":200,"type":"performance","url":"/api/recipes"},"timestamp":"2026-05-18T17:02:57.859Z"}
{"level":"info","message":{"method":"GET","responseTimeMs":9.08,"statusCode":200,"type":"performance","url":"/api/recipes"},"timestamp":"2026-05-18T17:02:57.860Z"}
{"level":"info","message":{"method":"GET","responseTimeMs":2.06,"statusCode":200,"type":"performance","url":"/api/recipes"},"timestamp":"2026-05-18T17:02:57.862Z"}
{"level":"info","message":{"method":"GET","responseTimeMs":2.7,"statusCode":200,"type":"performance","url":"/api/recipes"},"timestamp":"2026-05-18T17:02:57.863Z"}
{"level":"info","message":{"method":"GET","responseTimeMs":3.34,"statusCode":200,"type":"performance","url":"/api/recipes"},"timestamp":"2026-05-18T17:02:57.864Z"}
{"level":"info","message":{"method":"GET","responseTimeMs":3.92,"statusCode":200,"type":"performance","url":"/api/recipes"},"timestamp":"2026-05-18T17:02:57.865Z"}
{"level":"info","message":{"method":"GET","responseTimeMs":4.49,"statusCode":200,"type":"performance","url":"/api/recipes"},"timestamp":"2026-05-18T17:02:57.866Z"}
{"level":"info","message":{"method":"GET","responseTimeMs":5.05,"statusCode":200,"type":"performance","url":"/api/recipes"},"timestamp":"2026-05-18T17:02:57.866Z"}
{"level":"info","message":{"method":"GET","responseTimeMs":5.55,"statusCode":200,"type":"performance","url":"/api/recipes"},"timestamp":"2026-05-18T17:02:57.867Z"}
{"level":"info","message":{"method":"GET","responseTimeMs":6.22,"statusCode":200,"type":"performance","url":"/api/recipes"},"timestamp":"2026-05-18T17:02:57.868Z"}
{"level":"info","message":{"method":"GET","responseTimeMs":6.86,"statusCode":200,"type":"performance","url":"/api/recipes"},"timestamp":"2026-05-18T17:02:57.868Z"}
{"level":"info","message":{"method":"GET","responseTimeMs":4.71,"statusCode":200,"type":"performance","url":"/api/recipes"},"timestamp":"2026-05-18T17:02:57.874Z"}
{"level":"info","message":{"method":"GET","responseTimeMs":5.3,"statusCode":200,"type":"performance","url":"/api/recipes"},"timestamp":"2026-05-18T17:02:57.874Z"}
{"level":"info","message":{"method":"GET","responseTimeMs":5.83,"statusCode":200,"type":"performance","url":"/api/recipes"},"timestamp":"2026-05-18T17:02:57.875Z"}
{"level":"info","message":{"method":"GET","responseTimeMs":5.67,"statusCode":200,"type":"performance","url":"/api/recipes"},"timestamp":"2026-05-18T17:02:57.876Z"}
{"level":"info","message":{"method":"GET","responseTimeMs":5.93,"statusCode":200,"type":"performance","url":"/api/recipes"},"timestamp":"2026-05-18T17:02:57.876Z"}
{"level":"info","message":{"method":"GET","responseTimeMs":6.08,"statusCode":200,"type":"performance","url":"/api/recipes"},"timestamp":"2026-05-18T17:02:57.877Z"}
{"level":"info","message":{"method":"GET","responseTimeMs":6.51,"statusCode":200,"type":"performance","url":"/api/recipes"},"timestamp":"2026-05-18T17:02:57.878Z"}
{"level":"info","message":{"method":"GET","responseTimeMs":7.29,"statusCode":200,"type":"performance","url":"/api/recipes"},"timestamp":"2026-05-18T17:02:57.879Z"}
{"level":"info","message":{"method":"GET","responseTimeMs":7.86,"statusCode":200,"type":"performance","url":"/api/recipes"},"timestamp":"2026-05-18T17:02:57.880Z"}
{"level":"info","message":{"method":"GET","responseTimeMs":2.49,"statusCode":200,"type":"performance","url":"/api/recipes"},"timestamp":"2026-05-18T17:02:57.883Z"}
{"level":"info","message":{"method":"GET","responseTimeMs":2.89,"statusCode":200,"type":"performance","url":"/api/recipes"},"timestamp":"2026-05-18T17:02:57.883Z"}
{"level":"info","message":{"method":"GET","responseTimeMs":3.53,"statusCode":200,"type":"performance","url":"/api/recipes"},"timestamp":"2026-05-18T17:02:57.884Z"}
{"level":"info","message":{"method":"GET","responseTimeMs":3.99,"statusCode":200,"type":"performance","url":"/api/recipes"},"timestamp":"2026-05-18T17:02:57.885Z"}
{"level":"info","message":{"method":"GET","responseTimeMs":4.41,"statusCode":200,"type":"performance","url":"/api/recipes"},"timestamp":"2026-05-18T17:02:57.885Z"}
{"level":"info","message":{"method":"GET","responseTimeMs":4.82,"statusCode":200,"type":"performance","url":"/api/recipes"},"timestamp":"2026-05-18T17:02:57.886Z"}
{"level":"info","message":{"method":"GET","responseTimeMs":5.72,"statusCode":200,"type":"performance","url":"/api/recipes"},"timestamp":"2026-05-18T17:02:57.887Z"}
{"level":"info","message":{"method":"GET","responseTimeMs":6.82,"statusCode":200,"type":"performance","url":"/api/recipes"},"timestamp":"2026-05-18T17:02:57.888Z"}
{"level":"info","message":{"method":"GET","responseTimeMs":8.5,"statusCode":200,"type":"performance","url":"/api/recipes"},"timestamp":"2026-05-18T17:02:57.890Z"}
{"level":"info","message":{"method":"GET","responseTimeMs":2.05,"statusCode":200,"type":"performance","url":"/api/recipes"},"timestamp":"2026-05-18T17:02:57.893Z"}
{"level":"info","message":{"method":"GET","responseTimeMs":2.43,"statusCode":200,"type":"performance","url":"/api/recipes"},"timestamp":"2026-05-18T17:02:57.894Z"}
{"level":"info","message":{"method":"GET","responseTimeMs":2.68,"statusCode":200,"type":"performance","url":"/api/recipes"},"timestamp":"2026-05-18T17:02:57.894Z"}
{"level":"info","message":{"method":"GET","responseTimeMs":3.27,"statusCode":200,"type":"performance","url":"/api/recipes"},"timestamp":"2026-05-18T17:02:57.895Z"}
{"level":"info","message":{"method":"GET","responseTimeMs":3.97,"statusCode":200,"type":"performance","url":"/api/recipes"},"timestamp":"2026-05-18T17:02:57.896Z"}
{"level":"info","message":{"method":"GET","responseTimeMs":4.73,"statusCode":200,"type":"performance","url":"/api/recipes"},"timestamp":"2026-05-18T17:02:57.897Z"}
{"level":"info","message":{"method":"GET","responseTimeMs":5.36,"statusCode":200,"type":"performance","url":"/api/recipes"},"timestamp":"2026-05-18T17:02:57.897Z"}
{"level":"info","message":{"method":"GET","responseTimeMs":6.16,"statusCode":200,"type":"performance","url":"/api/recipes"},"timestamp":"2026-05-18T17:02:57.898Z"}
{"level":"info","message":{"method":"GET","responseTimeMs":6.75,"statusCode":200,"type":"performance","url":"/api/recipes"},"timestamp":"2026-05-18T17:02:57.899Z"}
{"level":"info","message":{"method":"GET","responseTimeMs":9.61,"statusCode":200,"type":"performance","url":"/api/recipes"},"timestamp":"2026-05-18T17:02:57.902Z"}
{"level":"info","message":{"method":"GET","responseTimeMs":3.78,"statusCode":200,"type":"performance","url":"/api/recipes"},"timestamp":"2026-05-18T17:02:57.903Z"}
{"level":"info","message":{"method":"GET","responseTimeMs":4.55,"statusCode":200,"type":"performance","url":"/api/recipes"},"timestamp":"2026-05-18T17:02:57.904Z"}
{"level":"info","message":{"method":"GET","responseTimeMs":6.68,"statusCode":200,"type":"performance","url":"/api/recipes"},"timestamp":"2026-05-18T17:02:57.907Z"}
{"level":"info","message":{"method":"GET","responseTimeMs":7.36,"statusCode":200,"type":"performance","url":"/api/recipes"},"timestamp":"2026-05-18T17:02:57.908Z"}
{"level":"info","message":{"method":"GET","responseTimeMs":8.01,"statusCode":200,"type":"performance","url":"/api/recipes"},"timestamp":"2026-05-18T17:02:57.908Z"}
{"level":"info","message":{"method":"GET","responseTimeMs":8.54,"statusCode":200,"type":"performance","url":"/api/recipes"},"timestamp":"2026-05-18T17:02:57.909Z"}
{"level":"info","message":{"method":"GET","responseTimeMs":8.97,"statusCode":200,"type":"performance","url":"/api/recipes"},"timestamp":"2026-05-18T17:02:57.910Z"}
{"level":"info","message":{"method":"GET","responseTimeMs":9.66,"statusCode":200,"type":"performance","url":"/api/recipes"},"timestamp":"2026-05-18T17:02:57.911Z"}
{"level":"info","message":{"method":"GET","responseTimeMs":2.97,"statusCode":200,"type":"performance","url":"/api/recipes"},"timestamp":"2026-05-18T17:02:57.914Z"}
{"level":"info","message":{"method":"GET","responseTimeMs":3.33,"statusCode":200,"type":"performance","url":"/api/recipes"},"timestamp":"2026-05-18T17:02:57.915Z"}
{"level":"info","message":{"method":"GET","responseTimeMs":3.91,"statusCode":200,"type":"performance","url":"/api/recipes"},"timestamp":"2026-05-18T17:02:57.916Z"}
{"level":"info","message":{"method":"GET","responseTimeMs":4.56,"statusCode":200,"type":"performance","url":"/api/recipes"},"timestamp":"2026-05-18T17:02:57.917Z"}
{"level":"info","message":{"method":"GET","responseTimeMs":4.8,"statusCode":200,"type":"performance","url":"/api/recipes"},"timestamp":"2026-05-18T17:02:57.917Z"}
{"level":"info","message":{"method":"GET","responseTimeMs":5.26,"statusCode":200,"type":"performance","url":"/api/recipes"},"timestamp":"2026-05-18T17:02:57.918Z"}
{"level":"info","message":{"method":"GET","responseTimeMs":5.83,"statusCode":200,"type":"performance","url":"/api/recipes"},"timestamp":"2026-05-18T17:02:57.919Z"}
{"level":"info","message":{"method":"GET","responseTimeMs":6.52,"statusCode":200,"type":"performance","url":"/api/recipes"},"timestamp":"2026-05-18T17:02:57.920Z"}
{"level":"info","message":{"method":"GET","responseTimeMs":7.72,"statusCode":200,"type":"performance","url":"/api/recipes"},"timestamp":"2026-05-18T17:02:57.921Z"}
{"level":"info","message":{"method":"GET","responseTimeMs":11.08,"statusCode":200,"type":"performance","url":"/api/recipes"},"timestamp":"2026-05-18T17:02:57.925Z"}
{"level":"info","message":{"method":"GET","responseTimeMs":2.9,"statusCode":200,"type":"performance","url":"/api/recipes"},"timestamp":"2026-05-18T17:02:57.925Z"}
{"level":"info","message":{"method":"GET","responseTimeMs":2.87,"statusCode":200,"type":"performance","url":"/api/recipes"},"timestamp":"2026-05-18T17:02:57.926Z"}
{"level":"info","message":{"method":"GET","responseTimeMs":3.48,"statusCode":200,"type":"performance","url":"/api/recipes"},"timestamp":"2026-05-18T17:02:57.927Z"}
{"level":"info","message":{"method":"GET","responseTimeMs":4.16,"statusCode":200,"type":"performance","url":"/api/recipes"},"timestamp":"2026-05-18T17:02:57.927Z"}
{"level":"info","message":{"method":"GET","responseTimeMs":4.8,"statusCode":200,"type":"performance","url":"/api/recipes"},"timestamp":"2026-05-18T17:02:57.928Z"}
{"level":"info","message":{"method":"GET","responseTimeMs":5.5,"statusCode":200,"type":"performance","url":"/api/recipes"},"timestamp":"2026-05-18T17:02:57.929Z"}
{"level":"info","message":{"method":"GET","responseTimeMs":6.06,"statusCode":200,"type":"performance","url":"/api/recipes"},"timestamp":"2026-05-18T17:02:57.930Z"}
{"level":"info","message":{"method":"GET","responseTimeMs":6.71,"statusCode":200,"type":"performance","url":"/api/recipes"},"timestamp":"2026-05-18T17:02:57.931Z"}
{"level":"info","message":{"method":"GET","responseTimeMs":7.29,"statusCode":200,"type":"performance","url":"/api/recipes"},"timestamp":"2026-05-18T17:02:57.931Z"}
{"level":"info","message":{"method":"GET","responseTimeMs":3.24,"statusCode":200,"type":"performance","url":"/api/recipes"},"timestamp":"2026-05-18T17:02:57.935Z"}
{"level":"info","message":{"method":"GET","responseTimeMs":3.4,"statusCode":200,"type":"performance","url":"/api/recipes"},"timestamp":"2026-05-18T17:02:57.936Z"}
{"level":"info","message":{"method":"GET","responseTimeMs":4.48,"statusCode":200,"type":"performance","url":"/api/recipes"},"timestamp":"2026-05-18T17:02:57.937Z"}
{"level":"info","message":{"method":"GET","responseTimeMs":5.5,"statusCode":200,"type":"performance","url":"/api/recipes"},"timestamp":"2026-05-18T17:02:57.938Z"}
{"level":"info","message":{"method":"GET","responseTimeMs":6.77,"statusCode":200,"type":"performance","url":"/api/recipes"},"timestamp":"2026-05-18T17:02:57.940Z"}
{"level":"info","message":{"method":"GET","responseTimeMs":7.29,"statusCode":200,"type":"performance","url":"/api/recipes"},"timestamp":"2026-05-18T17:02:57.941Z"}
{"level":"info","message":{"method":"GET","responseTimeMs":7.48,"statusCode":200,"type":"performance","url":"/api/recipes"},"timestamp":"2026-05-18T17:02:57.941Z"}
{"level":"info","message":{"method":"GET","responseTimeMs":7.99,"statusCode":200,"type":"performance","url":"/api/recipes"},"timestamp":"2026-05-18T17:02:57.942Z"}
{"level":"info","message":{"method":"GET","responseTimeMs":8.48,"statusCode":200,"type":"performance","url":"/api/recipes"},"timestamp":"2026-05-18T17:02:57.943Z"}
{"level":"info","message":{"method":"GET","responseTimeMs":1.76,"statusCode":200,"type":"performance","url":"/api/recipes"},"timestamp":"2026-05-18T17:02:57.945Z"}
{"level":"info","message":{"method":"GET","responseTimeMs":2.15,"statusCode":200,"type":"performance","url":"/api/recipes"},"timestamp":"2026-05-18T17:02:57.945Z"}
{"level":"info","message":{"method":"GET","responseTimeMs":2.55,"statusCode":200,"type":"performance","url":"/api/recipes"},"timestamp":"2026-05-18T17:02:57.946Z"}
{"level":"info","message":{"method":"GET","responseTimeMs":3.2,"statusCode":200,"type":"performance","url":"/api/recipes"},"timestamp":"2026-05-18T17:02:57.947Z"}
{"level":"info","message":{"method":"GET","responseTimeMs":3.74,"statusCode":200,"type":"performance","url":"/api/recipes"},"timestamp":"2026-05-18T17:02:57.947Z"}
{"level":"info","message":{"method":"GET","responseTimeMs":4.37,"statusCode":200,"type":"performance","url":"/api/recipes"},"timestamp":"2026-05-18T17:02:57.948Z"}
{"level":"info","message":{"method":"GET","responseTimeMs":4.92,"statusCode":200,"type":"performance","url":"/api/recipes"},"timestamp":"2026-05-18T17:02:57.949Z"}
{"level":"info","message":{"method":"GET","responseTimeMs":5.53,"statusCode":200,"type":"performance","url":"/api/recipes"},"timestamp":"2026-05-18T17:02:57.950Z"}
{"level":"info","message":{"method":"GET","responseTimeMs":6.61,"statusCode":200,"type":"performance","url":"/api/recipes"},"timestamp":"2026-05-18T17:02:57.951Z"}
{"level":"info","message":{"method":"GET","responseTimeMs":7.2,"statusCode":200,"type":"performance","url":"/api/recipes"},"timestamp":"2026-05-18T17:02:57.951Z"}
{"level":"info","message":{"method":"GET","responseTimeMs":4.24,"statusCode":200,"type":"performance","url":"/api/recipes"},"timestamp":"2026-05-18T17:02:57.956Z"}
{"level":"info","message":{"method":"GET","responseTimeMs":4.75,"statusCode":200,"type":"performance","url":"/api/recipes"},"timestamp":"2026-05-18T17:02:57.957Z"}
{"level":"info","message":{"method":"GET","responseTimeMs":3.93,"statusCode":200,"type":"performance","url":"/api/recipes"},"timestamp":"2026-05-18T17:02:57.958Z"}
{"level":"info","message":{"method":"GET","responseTimeMs":4.2,"statusCode":200,"type":"performance","url":"/api/recipes"},"timestamp":"2026-05-18T17:02:57.958Z"}
{"level":"info","message":{"method":"GET","responseTimeMs":4.57,"statusCode":200,"type":"performance","url":"/api/recipes"},"timestamp":"2026-05-18T17:02:57.959Z"}
{"level":"info","message":{"method":"GET","responseTimeMs":5.05,"statusCode":200,"type":"performance","url":"/api/recipes"},"timestamp":"2026-05-18T17:02:57.960Z"}
{"level":"info","message":{"method":"GET","responseTimeMs":5.56,"statusCode":200,"type":"performance","url":"/api/recipes"},"timestamp":"2026-05-18T17:02:57.960Z"}
{"level":"info","message":{"method":"GET","responseTimeMs":5.96,"statusCode":200,"type":"performance","url":"/api/recipes"},"timestamp":"2026-05-18T17:02:57.961Z"}
{"level":"info","message":{"method":"GET","responseTimeMs":6.51,"statusCode":200,"type":"performance","url":"/api/recipes"},"timestamp":"2026-05-18T17:02:57.962Z"}
{"level":"info","message":{"method":"GET","responseTimeMs":2.16,"statusCode":200,"type":"performance","url":"/api/recipes"},"timestamp":"2026-05-18T17:02:57.964Z"}
{"level":"info","message":{"method":"GET","responseTimeMs":3.12,"statusCode":200,"type":"performance","url":"/api/recipes"},"timestamp":"2026-05-18T17:02:57.965Z"}
{"level":"info","message":{"method":"GET","responseTimeMs":3.9,"statusCode":200,"type":"performance","url":"/api/recipes"},"timestamp":"2026-05-18T17:02:57.966Z"}
{"level":"info","message":{"method":"GET","responseTimeMs":4.55,"statusCode":200,"type":"performance","url":"/api/recipes"},"timestamp":"2026-05-18T17:02:57.967Z"}
{"level":"info","message":{"method":"GET","responseTimeMs":5.72,"statusCode":200,"type":"performance","url":"/api/recipes"},"timestamp":"2026-05-18T17:02:57.968Z"}
{"level":"info","message":{"method":"GET","responseTimeMs":6.25,"statusCode":200,"type":"performance","url":"/api/recipes"},"timestamp":"2026-05-18T17:02:57.969Z"}
{"level":"info","message":{"method":"GET","responseTimeMs":7.17,"statusCode":200,"type":"performance","url":"/api/recipes"},"timestamp":"2026-05-18T17:02:57.970Z"}
{"level":"info","message":{"method":"GET","responseTimeMs":9.18,"statusCode":200,"type":"performance","url":"/api/recipes"},"timestamp":"2026-05-18T17:02:57.972Z"}
{"level":"info","message":{"method":"GET","responseTimeMs":11.04,"statusCode":200,"type":"performance","url":"/api/recipes"},"timestamp":"2026-05-18T17:02:57.974Z"}
{"level":"info","message":{"method":"GET","responseTimeMs":2.56,"statusCode":200,"type":"performance","url":"/api/recipes"},"timestamp":"2026-05-18T17:02:57.977Z"}
{"level":"info","message":{"method":"GET","responseTimeMs":3.07,"statusCode":200,"type":"performance","url":"/api/recipes"},"timestamp":"2026-05-18T17:02:57.978Z"}
{"level":"info","message":{"method":"GET","responseTimeMs":3.69,"statusCode":200,"type":"performance","url":"/api/recipes"},"timestamp":"2026-05-18T17:02:57.979Z"}
{"level":"info","message":{"method":"GET","responseTimeMs":3.92,"statusCode":200,"type":"performance","url":"/api/recipes"},"timestamp":"2026-05-18T17:02:57.980Z"}
{"level":"info","message":{"method":"GET","responseTimeMs":4.46,"statusCode":200,"type":"performance","url":"/api/recipes"},"timestamp":"2026-05-18T17:02:57.980Z"}
{"level":"info","message":{"method":"GET","responseTimeMs":4.9,"statusCode":200,"type":"performance","url":"/api/recipes"},"timestamp":"2026-05-18T17:02:57.981Z"}
{"level":"info","message":{"method":"GET","responseTimeMs":5.41,"statusCode":200,"type":"performance","url":"/api/recipes"},"timestamp":"2026-05-18T17:02:57.982Z"}
{"level":"info","message":{"method":"GET","responseTimeMs":5.8,"statusCode":200,"type":"performance","url":"/api/recipes"},"timestamp":"2026-05-18T17:02:57.982Z"}
{"level":"info","message":{"method":"GET","responseTimeMs":6.27,"statusCode":200,"type":"performance","url":"/api/recipes"},"timestamp":"2026-05-18T17:02:57.983Z"}
{"level":"info","message":{"method":"GET","responseTimeMs":6.84,"statusCode":200,"type":"performance","url":"/api/recipes"},"timestamp":"2026-05-18T17:02:57.983Z"}
{"level":"info","message":{"method":"GET","responseTimeMs":2.76,"statusCode":200,"type":"performance","url":"/api/recipes"},"timestamp":"2026-05-18T17:02:57.987Z"}
{"level":"info","message":{"method":"GET","responseTimeMs":4.07,"statusCode":200,"type":"performance","url":"/api/recipes"},"timestamp":"2026-05-18T17:02:57.988Z"}
{"level":"info","message":{"method":"GET","responseTimeMs":5.2,"statusCode":200,"type":"performance","url":"/api/recipes"},"timestamp":"2026-05-18T17:02:57.990Z"}
{"level":"info","message":{"method":"GET","responseTimeMs":5.69,"statusCode":200,"type":"performance","url":"/api/recipes"},"timestamp":"2026-05-18T17:02:57.990Z"}
{"level":"info","message":{"method":"GET","responseTimeMs":6.2,"statusCode":200,"type":"performance","url":"/api/recipes"},"timestamp":"2026-05-18T17:02:57.991Z"}
{"level":"info","message":{"method":"GET","responseTimeMs":6.62,"statusCode":200,"type":"performance","url":"/api/recipes"},"timestamp":"2026-05-18T17:02:57.991Z"}
{"level":"info","message":{"method":"GET","responseTimeMs":7.1,"statusCode":200,"type":"performance","url":"/api/recipes"},"timestamp":"2026-05-18T17:02:57.992Z"}
{"level":"info","message":{"method":"GET","responseTimeMs":7.65,"statusCode":200,"type":"performance","url":"/api/recipes"},"timestamp":"2026-05-18T17:02:57.993Z"}
{"level":"info","message":{"method":"GET","responseTimeMs":8.11,"statusCode":200,"type":"performance","url":"/api/recipes"},"timestamp":"2026-05-18T17:02:57.993Z"}
{"level":"info","message":{"method":"GET","responseTimeMs":8.32,"statusCode":200,"type":"performance","url":"/api/recipes"},"timestamp":"2026-05-18T17:02:57.994Z"}
{"level":"info","message":{"method":"GET","responseTimeMs":2.14,"statusCode":200,"type":"performance","url":"/api/recipes"},"timestamp":"2026-05-18T17:02:57.996Z"}
{"level":"info","message":{"method":"GET","responseTimeMs":2.62,"statusCode":200,"type":"performance","url":"/api/recipes"},"timestamp":"2026-05-18T17:02:57.997Z"}
{"level":"info","message":{"method":"GET","responseTimeMs":3.27,"statusCode":200,"type":"performance","url":"/api/recipes"},"timestamp":"2026-05-18T17:02:57.998Z"}
{"level":"info","message":{"method":"GET","responseTimeMs":3.91,"statusCode":200,"type":"performance","url":"/api/recipes"},"timestamp":"2026-05-18T17:02:57.999Z"}
{"level":"info","message":{"method":"GET","responseTimeMs":4.53,"statusCode":200,"type":"performance","url":"/api/recipes"},"timestamp":"2026-05-18T17:02:58.000Z"}
{"level":"info","message":{"method":"GET","responseTimeMs":5.18,"statusCode":200,"type":"performance","url":"/api/recipes"},"timestamp":"2026-05-18T17:02:58.000Z"}
{"level":"info","message":{"method":"GET","responseTimeMs":5.67,"statusCode":200,"type":"performance","url":"/api/recipes"},"timestamp":"2026-05-18T17:02:58.001Z"}
{"level":"info","message":{"method":"GET","responseTimeMs":6.28,"statusCode":200,"type":"performance","url":"/api/recipes"},"timestamp":"2026-05-18T17:02:58.002Z"}
{"level":"info","message":{"method":"GET","responseTimeMs":6.85,"statusCode":200,"type":"performance","url":"/api/recipes"},"timestamp":"2026-05-18T17:02:58.002Z"}
{"level":"info","message":{"method":"GET","responseTimeMs":7.65,"statusCode":200,"type":"performance","url":"/api/recipes"},"timestamp":"2026-05-18T17:02:58.003Z"}
{"level":"info","message":{"method":"GET","responseTimeMs":3.77,"statusCode":200,"type":"performance","url":"/api/recipes"},"timestamp":"2026-05-18T17:02:58.008Z"}
{"level":"info","message":{"method":"GET","responseTimeMs":4.16,"statusCode":200,"type":"performance","url":"/api/recipes"},"timestamp":"2026-05-18T17:02:58.008Z"}
{"level":"info","message":{"method":"GET","responseTimeMs":4.23,"statusCode":200,"type":"performance","url":"/api/recipes"},"timestamp":"2026-05-18T17:02:58.009Z"}
{"level":"info","message":{"method":"GET","responseTimeMs":4.43,"statusCode":200,"type":"performance","url":"/api/recipes"},"timestamp":"2026-05-18T17:02:58.010Z"}
{"level":"info","message":{"method":"GET","responseTimeMs":4.9,"statusCode":200,"type":"performance","url":"/api/recipes"},"timestamp":"2026-05-18T17:02:58.010Z"}
{"level":"info","message":{"method":"GET","responseTimeMs":5.28,"statusCode":200,"type":"performance","url":"/api/recipes"},"timestamp":"2026-05-18T17:02:58.011Z"}
{"level":"info","message":{"method":"GET","responseTimeMs":5.66,"statusCode":200,"type":"performance","url":"/api/recipes"},"timestamp":"2026-05-18T17:02:58.012Z"}
{"level":"info","message":{"method":"GET","responseTimeMs":6.29,"statusCode":200,"type":"performance","url":"/api/recipes"},"timestamp":"2026-05-18T17:02:58.013Z"}
{"level":"info","message":{"method":"GET","responseTimeMs":6.84,"statusCode":200,"type":"performance","url":"/api/recipes"},"timestamp":"2026-05-18T17:02:58.013Z"}
{"level":"info","message":{"method":"GET","responseTimeMs":7.3,"statusCode":200,"type":"performance","url":"/api/recipes"},"timestamp":"2026-05-18T17:02:58.014Z"}
{"level":"info","message":{"method":"GET","responseTimeMs":2.41,"statusCode":200,"type":"performance","url":"/api/recipes"},"timestamp":"2026-05-18T17:02:58.017Z"}
{"level":"info","message":{"method":"GET","responseTimeMs":2.84,"statusCode":200,"type":"performance","url":"/api/recipes"},"timestamp":"2026-05-18T17:02:58.018Z"}
{"level":"info","message":{"method":"GET","responseTimeMs":3.13,"statusCode":200,"type":"performance","url":"/api/recipes"},"timestamp":"2026-05-18T17:02:58.019Z"}
{"level":"info","message":{"method":"GET","responseTimeMs":3.76,"statusCode":200,"type":"performance","url":"/api/recipes"},"timestamp":"2026-05-18T17:02:58.019Z"}
{"level":"info","message":{"method":"GET","responseTimeMs":4.68,"statusCode":200,"type":"performance","url":"/api/recipes"},"timestamp":"2026-05-18T17:02:58.020Z"}
{"level":"info","message":{"method":"GET","responseTimeMs":5.48,"statusCode":200,"type":"performance","url":"/api/recipes"},"timestamp":"2026-05-18T17:02:58.021Z"}
{"level":"info","message":{"method":"GET","responseTimeMs":6.89,"statusCode":200,"type":"performance","url":"/api/recipes"},"timestamp":"2026-05-18T17:02:58.023Z"}
{"level":"info","message":{"method":"GET","responseTimeMs":7.66,"statusCode":200,"type":"performance","url":"/api/recipes"},"timestamp":"2026-05-18T17:02:58.024Z"}
{"level":"info","message":{"method":"GET","responseTimeMs":8.3,"statusCode":200,"type":"performance","url":"/api/recipes"},"timestamp":"2026-05-18T17:02:58.025Z"}
{"level":"info","message":{"method":"GET","responseTimeMs":8.83,"statusCode":200,"type":"performance","url":"/api/recipes"},"timestamp":"2026-05-18T17:02:58.025Z"}
{"level":"info","message":{"method":"GET","responseTimeMs":2.85,"statusCode":200,"type":"performance","url":"/api/recipes"},"timestamp":"2026-05-18T17:02:58.028Z"}
{"level":"info","message":{"method":"GET","responseTimeMs":3.39,"statusCode":200,"type":"performance","url":"/api/recipes"},"timestamp":"2026-05-18T17:02:58.029Z"}
{"level":"info","message":{"method":"GET","responseTimeMs":3.94,"statusCode":200,"type":"performance","url":"/api/recipes"},"timestamp":"2026-05-18T17:02:58.030Z"}
{"level":"info","message":{"method":"GET","responseTimeMs":4.7,"statusCode":200,"type":"performance","url":"/api/recipes"},"timestamp":"2026-05-18T17:02:58.031Z"}
{"level":"info","message":{"method":"GET","responseTimeMs":5.23,"statusCode":200,"type":"performance","url":"/api/recipes"},"timestamp":"2026-05-18T17:02:58.032Z"}
{"level":"info","message":{"method":"GET","responseTimeMs":5.66,"statusCode":200,"type":"performance","url":"/api/recipes"},"timestamp":"2026-05-18T17:02:58.032Z"}
{"level":"info","message":{"method":"GET","responseTimeMs":6.05,"statusCode":200,"type":"performance","url":"/api/recipes"},"timestamp":"2026-05-18T17:02:58.033Z"}
{"level":"info","message":{"method":"GET","responseTimeMs":6.36,"statusCode":200,"type":"performance","url":"/api/recipes"},"timestamp":"2026-05-18T17:02:58.033Z"}
{"level":"info","message":{"method":"GET","responseTimeMs":6.77,"statusCode":200,"type":"performance","url":"/api/recipes"},"timestamp":"2026-05-18T17:02:58.034Z"}
{"level":"info","message":{"method":"GET","responseTimeMs":7.2,"statusCode":200,"type":"performance","url":"/api/recipes"},"timestamp":"2026-05-18T17:02:58.035Z"}
{"level":"info","message":{"method":"GET","responseTimeMs":7.76,"statusCode":200,"type":"performance","url":"/api/recipes"},"timestamp":"2026-05-18T17:02:58.035Z"}
{"level":"info","message":{"method":"GET","responseTimeMs":8.3,"statusCode":200,"type":"performance","url":"/api/recipes"},"timestamp":"2026-05-18T17:02:58.045Z"}
{"level":"info","message":{"method":"GET","responseTimeMs":8.97,"statusCode":200,"type":"performance","url":"/api/recipes"},"timestamp":"2026-05-18T17:02:58.046Z"}
{"level":"info","message":{"method":"GET","responseTimeMs":9.77,"statusCode":200,"type":"performance","url":"/api/recipes"},"timestamp":"2026-05-18T17:02:58.047Z"}
{"level":"info","message":{"method":"GET","responseTimeMs":10.65,"statusCode":200,"type":"performance","url":"/api/recipes"},"timestamp":"2026-05-18T17:02:58.048Z"}
{"level":"info","message":{"method":"GET","responseTimeMs":8.42,"statusCode":200,"type":"performance","url":"/api/recipes"},"timestamp":"2026-05-18T17:02:58.048Z"}
{"level":"info","message":{"method":"GET","responseTimeMs":8.79,"statusCode":200,"type":"performance","url":"/api/recipes"},"timestamp":"2026-05-18T17:02:58.049Z"}
{"level":"info","message":{"method":"GET","responseTimeMs":9.58,"statusCode":200,"type":"performance","url":"/api/recipes"},"timestamp":"2026-05-18T17:02:58.050Z"}
{"level":"info","message":{"method":"GET","responseTimeMs":10.02,"statusCode":200,"type":"performance","url":"/api/recipes"},"timestamp":"2026-05-18T17:02:58.051Z"}
{"level":"info","message":{"method":"GET","responseTimeMs":10.38,"statusCode":200,"type":"performance","url":"/api/recipes"},"timestamp":"2026-05-18T17:02:58.052Z"}
{"level":"info","message":{"method":"GET","responseTimeMs":7.36,"statusCode":200,"type":"performance","url":"/api/recipes"},"timestamp":"2026-05-18T17:02:58.061Z"}
{"level":"info","message":{"method":"GET","responseTimeMs":7.83,"statusCode":200,"type":"performance","url":"/api/recipes"},"timestamp":"2026-05-18T17:02:58.061Z"}
{"level":"info","message":{"method":"GET","responseTimeMs":6.77,"statusCode":200,"type":"performance","url":"/api/recipes"},"timestamp":"2026-05-18T17:02:58.063Z"}
{"level":"info","message":{"method":"GET","responseTimeMs":6.86,"statusCode":200,"type":"performance","url":"/api/recipes"},"timestamp":"2026-05-18T17:02:58.064Z"}
{"level":"info","message":{"method":"GET","responseTimeMs":7.54,"statusCode":200,"type":"performance","url":"/api/recipes"},"timestamp":"2026-05-18T17:02:58.064Z"}
{"level":"info","message":{"method":"GET","responseTimeMs":8.3,"statusCode":200,"type":"performance","url":"/api/recipes"},"timestamp":"2026-05-18T17:02:58.065Z"}
{"level":"info","message":{"method":"GET","responseTimeMs":9.29,"statusCode":200,"type":"performance","url":"/api/recipes"},"timestamp":"2026-05-18T17:02:58.067Z"}
{"level":"info","message":{"method":"GET","responseTimeMs":10.23,"statusCode":200,"type":"performance","url":"/api/recipes"},"timestamp":"2026-05-18T17:02:58.068Z"}
{"level":"info","message":{"method":"GET","responseTimeMs":11.12,"statusCode":200,"type":"performance","url":"/api/recipes"},"timestamp":"2026-05-18T17:02:58.069Z"}
{"level":"info","message":{"method":"GET","responseTimeMs":11.5,"statusCode":200,"type":"performance","url":"/api/recipes"},"timestamp":"2026-05-18T17:02:58.070Z"}
{"level":"info","message":{"method":"GET","responseTimeMs":12.92,"statusCode":200,"type":"performance","url":"/api/recipes"},"timestamp":"2026-05-18T17:02:58.072Z"}
{"level":"info","message":{"method":"GET","responseTimeMs":14.63,"statusCode":200,"type":"performance","url":"/api/recipes"},"timestamp":"2026-05-18T17:02:58.074Z"}
{"level":"info","message":{"method":"GET","responseTimeMs":6.76,"statusCode":200,"type":"performance","url":"/api/recipes"},"timestamp":"2026-05-18T17:02:58.082Z"}
{"level":"info","message":{"method":"GET","responseTimeMs":6.82,"statusCode":200,"type":"performance","url":"/api/recipes"},"timestamp":"2026-05-18T17:02:58.083Z"}
{"level":"info","message":{"method":"GET","responseTimeMs":7.12,"statusCode":200,"type":"performance","url":"/api/recipes"},"timestamp":"2026-05-18T17:02:58.083Z"}
{"level":"info","message":{"method":"GET","responseTimeMs":7.66,"statusCode":200,"type":"performance","url":"/api/recipes"},"timestamp":"2026-05-18T17:02:58.084Z"}
{"level":"info","message":{"method":"GET","responseTimeMs":7.91,"statusCode":200,"type":"performance","url":"/api/recipes"},"timestamp":"2026-05-18T17:02:58.084Z"}
{"level":"info","message":{"method":"GET","responseTimeMs":8.39,"statusCode":200,"type":"performance","url":"/api/recipes"},"timestamp":"2026-05-18T17:02:58.085Z"}
{"level":"info","message":{"method":"GET","responseTimeMs":8.73,"statusCode":200,"type":"performance","url":"/api/recipes"},"timestamp":"2026-05-18T17:02:58.086Z"}
{"level":"info","message":{"method":"GET","responseTimeMs":9.32,"statusCode":200,"type":"performance","url":"/api/recipes"},"timestamp":"2026-05-18T17:02:58.087Z"}
{"level":"info","message":{"method":"GET","responseTimeMs":9.83,"statusCode":200,"type":"performance","url":"/api/recipes"},"timestamp":"2026-05-18T17:02:58.090Z"}
{"level":"info","message":{"method":"GET","responseTimeMs":3.99,"statusCode":200,"type":"performance","url":"/api/recipes"},"timestamp":"2026-05-18T17:02:58.091Z"}
{"level":"info","message":{"method":"GET","responseTimeMs":4.37,"statusCode":200,"type":"performance","url":"/api/recipes"},"timestamp":"2026-05-18T17:02:58.092Z"}
{"level":"info","message":{"method":"GET","responseTimeMs":4.75,"statusCode":200,"type":"performance","url":"/api/recipes"},"timestamp":"2026-05-18T17:02:58.092Z"}
{"level":"info","message":{"method":"GET","responseTimeMs":5.19,"statusCode":200,"type":"performance","url":"/api/recipes"},"timestamp":"2026-05-18T17:02:58.093Z"}
{"level":"info","message":{"method":"GET","responseTimeMs":5.64,"statusCode":200,"type":"performance","url":"/api/recipes"},"timestamp":"2026-05-18T17:02:58.093Z"}
{"level":"info","message":{"method":"GET","responseTimeMs":6.19,"statusCode":200,"type":"performance","url":"/api/recipes"},"timestamp":"2026-05-18T17:02:58.094Z"}
{"level":"info","message":{"method":"GET","responseTimeMs":6.63,"statusCode":200,"type":"performance","url":"/api/recipes"},"timestamp":"2026-05-18T17:02:58.095Z"}
{"level":"info","message":{"method":"GET","responseTimeMs":7.04,"statusCode":200,"type":"performance","url":"/api/recipes"},"timestamp":"2026-05-18T17:02:58.095Z"}
{"level":"info","message":{"method":"GET","responseTimeMs":7.9,"statusCode":200,"type":"performance","url":"/api/recipes"},"timestamp":"2026-05-18T17:02:58.096Z"}
{"level":"info","message":{"method":"GET","responseTimeMs":8.43,"statusCode":200,"type":"performance","url":"/api/recipes"},"timestamp":"2026-05-18T17:02:58.097Z"}
{"level":"info","message":{"method":"GET","responseTimeMs":9.07,"statusCode":200,"type":"performance","url":"/api/recipes"},"timestamp":"2026-05-18T17:02:58.098Z"}
{"level":"info","message":{"method":"GET","responseTimeMs":9.34,"statusCode":200,"type":"performance","url":"/api/recipes"},"timestamp":"2026-05-18T17:02:58.098Z"}
{"level":"info","message":{"method":"GET","responseTimeMs":9.88,"statusCode":200,"type":"performance","url":"/api/recipes"},"timestamp":"2026-05-18T17:02:58.099Z"}
{"level":"info","message":{"method":"GET","responseTimeMs":1.75,"statusCode":200,"type":"performance","url":"/api/recipes"},"timestamp":"2026-05-18T17:02:58.100Z"}
{"level":"info","message":{"method":"GET","responseTimeMs":2.13,"statusCode":200,"type":"performance","url":"/api/recipes"},"timestamp":"2026-05-18T17:02:58.101Z"}
{"level":"info","message":{"method":"GET","responseTimeMs":2.66,"statusCode":200,"type":"performance","url":"/api/recipes"},"timestamp":"2026-05-18T17:02:58.101Z"}
{"level":"info","message":{"method":"GET","responseTimeMs":3.12,"statusCode":200,"type":"performance","url":"/api/recipes"},"timestamp":"2026-05-18T17:02:58.102Z"}
{"level":"info","message":{"method":"GET","responseTimeMs":3.48,"statusCode":200,"type":"performance","url":"/api/recipes"},"timestamp":"2026-05-18T17:02:58.102Z"}
{"level":"info","message":{"method":"GET","responseTimeMs":4.25,"statusCode":200,"type":"performance","url":"/api/recipes"},"timestamp":"2026-05-18T17:02:58.103Z"}
{"level":"info","message":{"method":"GET","responseTimeMs":5.54,"statusCode":200,"type":"performance","url":"/api/recipes"},"timestamp":"2026-05-18T17:02:58.105Z"}
{"level":"info","message":{"method":"GET","responseTimeMs":2.98,"statusCode":200,"type":"performance","url":"/api/recipes"},"timestamp":"2026-05-18T17:02:58.108Z"}
{"level":"info","message":{"method":"GET","responseTimeMs":3.22,"statusCode":200,"type":"performance","url":"/api/recipes"},"timestamp":"2026-05-18T17:02:58.109Z"}
{"level":"info","message":{"method":"GET","responseTimeMs":3.39,"statusCode":200,"type":"performance","url":"/api/recipes"},"timestamp":"2026-05-18T17:02:58.110Z"}
{"level":"info","message":{"method":"GET","responseTimeMs":3.51,"statusCode":200,"type":"performance","url":"/api/recipes"},"timestamp":"2026-05-18T17:02:58.110Z"}
{"level":"info","message":{"method":"GET","responseTimeMs":3.86,"statusCode":200,"type":"performance","url":"/api/recipes"},"timestamp":"2026-05-18T17:02:58.111Z"}
{"level":"info","message":{"method":"GET","responseTimeMs":4.55,"statusCode":200,"type":"performance","url":"/api/recipes"},"timestamp":"2026-05-18T17:02:58.111Z"}
{"level":"info","message":{"method":"GET","responseTimeMs":5.3,"statusCode":200,"type":"performance","url":"/api/recipes"},"timestamp":"2026-05-18T17:02:58.112Z"}
{"level":"info","message":{"method":"GET","responseTimeMs":5.8,"statusCode":200,"type":"performance","url":"/api/recipes"},"timestamp":"2026-05-18T17:02:58.113Z"}
{"level":"info","message":{"method":"GET","responseTimeMs":6.18,"statusCode":200,"type":"performance","url":"/api/recipes"},"timestamp":"2026-05-18T17:02:58.113Z"}
{"level":"info","message":{"method":"GET","responseTimeMs":6.66,"statusCode":200,"type":"performance","url":"/api/recipes"},"timestamp":"2026-05-18T17:02:58.114Z"}
{"level":"info","message":{"method":"GET","responseTimeMs":7.06,"statusCode":200,"type":"performance","url":"/api/recipes"},"timestamp":"2026-05-18T17:02:58.115Z"}
{"level":"info","message":{"method":"GET","responseTimeMs":10.01,"statusCode":200,"type":"performance","url":"/api/recipes"},"timestamp":"2026-05-18T17:02:58.118Z"}
{"level":"info","message":{"method":"GET","responseTimeMs":3.37,"statusCode":200,"type":"performance","url":"/api/recipes"},"timestamp":"2026-05-18T17:02:58.119Z"}
{"level":"info","message":{"method":"GET","responseTimeMs":4.04,"statusCode":200,"type":"performance","url":"/api/recipes"},"timestamp":"2026-05-18T17:02:58.119Z"}
{"level":"info","message":{"method":"GET","responseTimeMs":5.33,"statusCode":200,"type":"performance","url":"/api/recipes"},"timestamp":"2026-05-18T17:02:58.121Z"}
{"level":"info","message":{"method":"GET","responseTimeMs":5.89,"statusCode":200,"type":"performance","url":"/api/recipes"},"timestamp":"2026-05-18T17:02:58.122Z"}
{"level":"info","message":{"method":"GET","responseTimeMs":6.41,"statusCode":200,"type":"performance","url":"/api/recipes"},"timestamp":"2026-05-18T17:02:58.122Z"}
{"level":"info","message":{"method":"GET","responseTimeMs":6.95,"statusCode":200,"type":"performance","url":"/api/recipes"},"timestamp":"2026-05-18T17:02:58.123Z"}
{"level":"info","message":{"method":"GET","responseTimeMs":7.63,"statusCode":200,"type":"performance","url":"/api/recipes"},"timestamp":"2026-05-18T17:02:58.124Z"}
{"level":"info","message":{"method":"GET","responseTimeMs":9.19,"statusCode":200,"type":"performance","url":"/api/recipes"},"timestamp":"2026-05-18T17:02:58.126Z"}
{"level":"info","message":{"method":"GET","responseTimeMs":10.54,"statusCode":200,"type":"performance","url":"/api/recipes"},"timestamp":"2026-05-18T17:02:58.127Z"}
{"level":"info","message":{"method":"GET","responseTimeMs":11,"statusCode":200,"type":"performance","url":"/api/recipes"},"timestamp":"2026-05-18T17:02:58.128Z"}
{"level":"info","message":{"method":"GET","responseTimeMs":2,"statusCode":200,"type":"performance","url":"/api/recipes"},"timestamp":"2026-05-18T17:02:58.130Z"}
{"level":"info","message":{"method":"GET","responseTimeMs":2.37,"statusCode":200,"type":"performance","url":"/api/recipes"},"timestamp":"2026-05-18T17:02:58.131Z"}
{"level":"info","message":{"method":"GET","responseTimeMs":2.78,"statusCode":200,"type":"performance","url":"/api/recipes"},"timestamp":"2026-05-18T17:02:58.131Z"}
{"level":"info","message":{"method":"GET","responseTimeMs":3.19,"statusCode":200,"type":"performance","url":"/api/recipes"},"timestamp":"2026-05-18T17:02:58.132Z"}
{"level":"info","message":{"method":"GET","responseTimeMs":3.5,"statusCode":200,"type":"performance","url":"/api/recipes"},"timestamp":"2026-05-18T17:02:58.132Z"}
{"level":"info","message":{"method":"GET","responseTimeMs":3.74,"statusCode":200,"type":"performance","url":"/api/recipes"},"timestamp":"2026-05-18T17:02:58.133Z"}
{"level":"info","message":{"method":"GET","responseTimeMs":4.01,"statusCode":200,"type":"performance","url":"/api/recipes"},"timestamp":"2026-05-18T17:02:58.133Z"}
{"level":"info","message":{"method":"GET","responseTimeMs":4.31,"statusCode":200,"type":"performance","url":"/api/recipes"},"timestamp":"2026-05-18T17:02:58.134Z"}
{"level":"info","message":{"method":"GET","responseTimeMs":4.63,"statusCode":200,"type":"performance","url":"/api/recipes"},"timestamp":"2026-05-18T17:02:58.134Z"}
{"level":"info","message":{"method":"GET","responseTimeMs":4.09,"statusCode":200,"type":"performance","url":"/api/recipes"},"timestamp":"2026-05-18T17:02:58.139Z"}
{"level":"info","message":{"method":"GET","responseTimeMs":5.24,"statusCode":200,"type":"performance","url":"/api/recipes"},"timestamp":"2026-05-18T17:02:58.140Z"}
{"level":"info","message":{"method":"GET","responseTimeMs":5.82,"statusCode":200,"type":"performance","url":"/api/recipes"},"timestamp":"2026-05-18T17:02:58.141Z"}
{"level":"info","message":{"method":"GET","responseTimeMs":6.29,"statusCode":200,"type":"performance","url":"/api/recipes"},"timestamp":"2026-05-18T17:02:58.141Z"}
{"level":"info","message":{"method":"GET","responseTimeMs":6.77,"statusCode":200,"type":"performance","url":"/api/recipes"},"timestamp":"2026-05-18T17:02:58.142Z"}
{"level":"info","message":{"method":"GET","responseTimeMs":7.09,"statusCode":200,"type":"performance","url":"/api/recipes"},"timestamp":"2026-05-18T17:02:58.142Z"}
{"level":"info","message":{"method":"GET","responseTimeMs":7.54,"statusCode":200,"type":"performance","url":"/api/recipes"},"timestamp":"2026-05-18T17:02:58.143Z"}
{"level":"info","message":{"method":"GET","responseTimeMs":8.1,"statusCode":200,"type":"performance","url":"/api/recipes"},"timestamp":"2026-05-18T17:02:58.144Z"}
{"level":"info","message":{"method":"GET","responseTimeMs":8.75,"statusCode":200,"type":"performance","url":"/api/recipes"},"timestamp":"2026-05-18T17:02:58.144Z"}
{"level":"info","message":{"method":"GET","responseTimeMs":9.31,"statusCode":200,"type":"performance","url":"/api/recipes"},"timestamp":"2026-05-18T17:02:58.145Z"}
{"level":"info","message":{"method":"GET","responseTimeMs":9.82,"statusCode":200,"type":"performance","url":"/api/recipes"},"timestamp":"2026-05-18T17:02:58.146Z"}
{"level":"info","message":{"method":"GET","responseTimeMs":10.27,"statusCode":200,"type":"performance","url":"/api/recipes"},"timestamp":"2026-05-18T17:02:58.147Z"}
{"level":"info","message":{"method":"GET","responseTimeMs":10.7,"statusCode":200,"type":"performance","url":"/api/recipes"},"timestamp":"2026-05-18T17:02:58.147Z"}
{"level":"info","message":{"method":"GET","responseTimeMs":1.68,"statusCode":200,"type":"performance","url":"/api/recipes"},"timestamp":"2026-05-18T17:02:58.149Z"}
{"level":"info","message":{"method":"GET","responseTimeMs":2.11,"statusCode":200,"type":"performance","url":"/api/recipes"},"timestamp":"2026-05-18T17:02:58.150Z"}
{"level":"info","message":{"method":"GET","responseTimeMs":2.83,"statusCode":200,"type":"performance","url":"/api/recipes"},"timestamp":"2026-05-18T17:02:58.151Z"}
{"level":"info","message":{"method":"GET","responseTimeMs":3.28,"statusCode":200,"type":"performance","url":"/api/recipes"},"timestamp":"2026-05-18T17:02:58.151Z"}
{"level":"info","message":{"method":"GET","responseTimeMs":3.77,"statusCode":200,"type":"performance","url":"/api/recipes"},"timestamp":"2026-05-18T17:02:58.152Z"}
{"level":"info","message":{"method":"GET","responseTimeMs":4.05,"statusCode":200,"type":"performance","url":"/api/recipes"},"timestamp":"2026-05-18T17:02:58.152Z"}
{"level":"info","message":{"method":"GET","responseTimeMs":4.86,"statusCode":200,"type":"performance","url":"/api/recipes"},"timestamp":"2026-05-18T17:02:58.153Z"}
{"level":"info","message":{"method":"GET","responseTimeMs":5.41,"statusCode":200,"type":"performance","url":"/api/recipes"},"timestamp":"2026-05-18T17:02:58.154Z"}
{"level":"info","message":{"method":"GET","responseTimeMs":5.95,"statusCode":200,"type":"performance","url":"/api/recipes"},"timestamp":"2026-05-18T17:02:58.154Z"}
{"level":"info","message":{"method":"GET","responseTimeMs":2.83,"statusCode":200,"type":"performance","url":"/api/recipes"},"timestamp":"2026-05-18T17:02:58.158Z"}
{"level":"info","message":{"method":"GET","responseTimeMs":3.24,"statusCode":200,"type":"performance","url":"/api/recipes"},"timestamp":"2026-05-18T17:02:58.158Z"}
{"level":"info","message":{"method":"GET","responseTimeMs":3.53,"statusCode":200,"type":"performance","url":"/api/recipes"},"timestamp":"2026-05-18T17:02:58.159Z"}
{"level":"info","message":{"method":"GET","responseTimeMs":3.91,"statusCode":200,"type":"performance","url":"/api/recipes"},"timestamp":"2026-05-18T17:02:58.159Z"}
{"level":"info","message":{"method":"GET","responseTimeMs":4.27,"statusCode":200,"type":"performance","url":"/api/recipes"},"timestamp":"2026-05-18T17:02:58.160Z"}
{"level":"info","message":{"method":"GET","responseTimeMs":4.77,"statusCode":200,"type":"performance","url":"/api/recipes"},"timestamp":"2026-05-18T17:02:58.160Z"}
{"level":"info","message":{"method":"GET","responseTimeMs":5.17,"statusCode":200,"type":"performance","url":"/api/recipes"},"timestamp":"2026-05-18T17:02:58.161Z"}
{"level":"info","message":{"method":"GET","responseTimeMs":5.6,"statusCode":200,"type":"performance","url":"/api/recipes"},"timestamp":"2026-05-18T17:02:58.162Z"}
{"level":"info","message":{"method":"GET","responseTimeMs":5.9,"statusCode":200,"type":"performance","url":"/api/recipes"},"timestamp":"2026-05-18T17:02:58.162Z"}
{"level":"info","message":{"method":"GET","responseTimeMs":6,"statusCode":200,"type":"performance","url":"/api/recipes"},"timestamp":"2026-05-18T17:02:58.163Z"}
{"level":"info","message":{"method":"GET","responseTimeMs":6.34,"statusCode":200,"type":"performance","url":"/api/recipes"},"timestamp":"2026-05-18T17:02:58.163Z"}
{"level":"info","message":{"method":"GET","responseTimeMs":6.75,"statusCode":200,"type":"performance","url":"/api/recipes"},"timestamp":"2026-05-18T17:02:58.164Z"}
{"level":"info","message":{"method":"GET","responseTimeMs":8.69,"statusCode":200,"type":"performance","url":"/api/recipes"},"timestamp":"2026-05-18T17:02:58.166Z"}
{"level":"info","message":{"method":"GET","responseTimeMs":2.5,"statusCode":200,"type":"performance","url":"/api/recipes"},"timestamp":"2026-05-18T17:02:58.166Z"}
{"level":"info","message":{"method":"GET","responseTimeMs":2.88,"statusCode":200,"type":"performance","url":"/api/recipes"},"timestamp":"2026-05-18T17:02:58.167Z"}
{"level":"info","message":{"method":"GET","responseTimeMs":3.24,"statusCode":200,"type":"performance","url":"/api/recipes"},"timestamp":"2026-05-18T17:02:58.168Z"}
{"level":"info","message":{"method":"GET","responseTimeMs":3.54,"statusCode":200,"type":"performance","url":"/api/recipes"},"timestamp":"2026-05-18T17:02:58.168Z"}
{"level":"info","message":{"method":"GET","responseTimeMs":3.53,"statusCode":200,"type":"performance","url":"/api/recipes"},"timestamp":"2026-05-18T17:02:58.169Z"}
{"level":"info","message":{"method":"GET","responseTimeMs":3.9,"statusCode":200,"type":"performance","url":"/api/recipes"},"timestamp":"2026-05-18T17:02:58.169Z"}
{"level":"info","message":{"method":"GET","responseTimeMs":4.59,"statusCode":200,"type":"performance","url":"/api/recipes"},"timestamp":"2026-05-18T17:02:58.170Z"}
{"level":"info","message":{"method":"GET","responseTimeMs":7.53,"statusCode":200,"type":"performance","url":"/api/recipes"},"timestamp":"2026-05-18T17:02:58.173Z"}
{"level":"info","message":{"method":"GET","responseTimeMs":3.36,"statusCode":200,"type":"performance","url":"/api/recipes"},"timestamp":"2026-05-18T17:02:58.174Z"}
{"level":"info","message":{"method":"GET","responseTimeMs":3.91,"statusCode":200,"type":"performance","url":"/api/recipes"},"timestamp":"2026-05-18T17:02:58.175Z"}
{"level":"info","message":{"method":"GET","responseTimeMs":4.37,"statusCode":200,"type":"performance","url":"/api/recipes"},"timestamp":"2026-05-18T17:02:58.175Z"}
{"level":"info","message":{"method":"GET","responseTimeMs":4.93,"statusCode":200,"type":"performance","url":"/api/recipes"},"timestamp":"2026-05-18T17:02:58.176Z"}
{"level":"info","message":{"method":"GET","responseTimeMs":5.39,"statusCode":200,"type":"performance","url":"/api/recipes"},"timestamp":"2026-05-18T17:02:58.176Z"}
{"level":"info","message":{"method":"GET","responseTimeMs":5.77,"statusCode":200,"type":"performance","url":"/api/recipes"},"timestamp":"2026-05-18T17:02:58.177Z"}
{"level":"info","message":{"method":"GET","responseTimeMs":6.28,"statusCode":200,"type":"performance","url":"/api/recipes"},"timestamp":"2026-05-18T17:02:58.177Z"}
{"level":"info","message":{"method":"GET","responseTimeMs":6.7,"statusCode":200,"type":"performance","url":"/api/recipes"},"timestamp":"2026-05-18T17:02:58.178Z"}
{"level":"info","message":{"method":"GET","responseTimeMs":7.12,"statusCode":200,"type":"performance","url":"/api/recipes"},"timestamp":"2026-05-18T17:02:58.178Z"}
{"level":"info","message":{"method":"GET","responseTimeMs":7.52,"statusCode":200,"type":"performance","url":"/api/recipes"},"timestamp":"2026-05-18T17:02:58.179Z"}
{"level":"info","message":{"method":"GET","responseTimeMs":7.95,"statusCode":200,"type":"performance","url":"/api/recipes"},"timestamp":"2026-05-18T17:02:58.180Z"}
{"level":"info","message":{"method":"GET","responseTimeMs":8.28,"statusCode":200,"type":"performance","url":"/api/recipes"},"timestamp":"2026-05-18T17:02:58.180Z"}
{"level":"info","message":{"method":"GET","responseTimeMs":8.63,"statusCode":200,"type":"performance","url":"/api/recipes"},"timestamp":"2026-05-18T17:02:58.180Z"}
{"level":"info","message":{"method":"GET","responseTimeMs":1.05,"statusCode":200,"type":"performance","url":"/api/recipes"},"timestamp":"2026-05-18T17:02:58.182Z"}
{"level":"info","message":{"method":"GET","responseTimeMs":1.44,"statusCode":200,"type":"performance","url":"/api/recipes"},"timestamp":"2026-05-18T17:02:58.182Z"}
{"level":"info","message":{"method":"GET","responseTimeMs":1.81,"statusCode":200,"type":"performance","url":"/api/recipes"},"timestamp":"2026-05-18T17:02:58.183Z"}
{"level":"info","message":{"method":"GET","responseTimeMs":2.37,"statusCode":200,"type":"performance","url":"/api/recipes"},"timestamp":"2026-05-18T17:02:58.183Z"}
{"level":"info","message":{"method":"GET","responseTimeMs":3.03,"statusCode":200,"type":"performance","url":"/api/recipes"},"timestamp":"2026-05-18T17:02:58.184Z"}
{"level":"info","message":{"method":"GET","responseTimeMs":3.67,"statusCode":200,"type":"performance","url":"/api/recipes"},"timestamp":"2026-05-18T17:02:58.185Z"}
{"level":"info","message":{"method":"GET","responseTimeMs":4.26,"statusCode":200,"type":"performance","url":"/api/recipes"},"timestamp":"2026-05-18T17:02:58.186Z"}
{"level":"info","message":{"method":"GET","responseTimeMs":3.39,"statusCode":200,"type":"performance","url":"/api/recipes"},"timestamp":"2026-05-18T17:02:58.190Z"}
{"level":"info","message":{"method":"GET","responseTimeMs":3.99,"statusCode":200,"type":"performance","url":"/api/recipes"},"timestamp":"2026-05-18T17:02:58.190Z"}
{"level":"info","message":{"method":"GET","responseTimeMs":4.58,"statusCode":200,"type":"performance","url":"/api/recipes"},"timestamp":"2026-05-18T17:02:58.191Z"}
{"level":"info","message":{"method":"GET","responseTimeMs":4.99,"statusCode":200,"type":"performance","url":"/api/recipes"},"timestamp":"2026-05-18T17:02:58.192Z"}
{"level":"info","message":{"method":"GET","responseTimeMs":5.09,"statusCode":200,"type":"performance","url":"/api/recipes"},"timestamp":"2026-05-18T17:02:58.192Z"}
{"level":"info","message":{"method":"GET","responseTimeMs":5.6,"statusCode":200,"type":"performance","url":"/api/recipes"},"timestamp":"2026-05-18T17:02:58.193Z"}
{"level":"info","message":{"method":"GET","responseTimeMs":6.12,"statusCode":200,"type":"performance","url":"/api/recipes"},"timestamp":"2026-05-18T17:02:58.194Z"}
{"level":"info","message":{"method":"GET","responseTimeMs":6.68,"statusCode":200,"type":"performance","url":"/api/recipes"},"timestamp":"2026-05-18T17:02:58.194Z"}
{"level":"info","message":{"method":"GET","responseTimeMs":7.25,"statusCode":200,"type":"performance","url":"/api/recipes"},"timestamp":"2026-05-18T17:02:58.195Z"}
{"level":"info","message":{"method":"GET","responseTimeMs":8.05,"statusCode":200,"type":"performance","url":"/api/recipes"},"timestamp":"2026-05-18T17:02:58.196Z"}
{"level":"info","message":{"method":"GET","responseTimeMs":8.77,"statusCode":200,"type":"performance","url":"/api/recipes"},"timestamp":"2026-05-18T17:02:58.197Z"}
{"level":"info","message":{"method":"GET","responseTimeMs":9.15,"statusCode":200,"type":"performance","url":"/api/recipes"},"timestamp":"2026-05-18T17:02:58.197Z"}
{"level":"info","message":{"method":"GET","responseTimeMs":9.47,"statusCode":200,"type":"performance","url":"/api/recipes"},"timestamp":"2026-05-18T17:02:58.198Z"}
{"level":"info","message":{"method":"GET","responseTimeMs":9.85,"statusCode":200,"type":"performance","url":"/api/recipes"},"timestamp":"2026-05-18T17:02:58.198Z"}
{"level":"info","message":{"method":"GET","responseTimeMs":10.22,"statusCode":200,"type":"performance","url":"/api/recipes"},"timestamp":"2026-05-18T17:02:58.199Z"}
{"level":"info","message":{"method":"GET","responseTimeMs":1.72,"statusCode":200,"type":"performance","url":"/api/recipes"},"timestamp":"2026-05-18T17:02:58.201Z"}
{"level":"info","message":{"method":"GET","responseTimeMs":2.23,"statusCode":200,"type":"performance","url":"/api/recipes"},"timestamp":"2026-05-18T17:02:58.202Z"}
{"level":"info","message":{"method":"GET","responseTimeMs":2.77,"statusCode":200,"type":"performance","url":"/api/recipes"},"timestamp":"2026-05-18T17:02:58.202Z"}
{"level":"info","message":{"method":"GET","responseTimeMs":3.39,"statusCode":200,"type":"performance","url":"/api/recipes"},"timestamp":"2026-05-18T17:02:58.203Z"}
{"level":"info","message":{"method":"GET","responseTimeMs":4.09,"statusCode":200,"type":"performance","url":"/api/recipes"},"timestamp":"2026-05-18T17:02:58.204Z"}
{"level":"info","message":{"method":"GET","responseTimeMs":4.69,"statusCode":200,"type":"performance","url":"/api/recipes"},"timestamp":"2026-05-18T17:02:58.204Z"}
{"level":"info","message":{"method":"GET","responseTimeMs":3.52,"statusCode":200,"type":"performance","url":"/api/recipes"},"timestamp":"2026-05-18T17:02:58.209Z"}
{"level":"info","message":{"method":"GET","responseTimeMs":3.62,"statusCode":200,"type":"performance","url":"/api/recipes"},"timestamp":"2026-05-18T17:02:58.210Z"}
{"level":"info","message":{"method":"GET","responseTimeMs":4.04,"statusCode":200,"type":"performance","url":"/api/recipes"},"timestamp":"2026-05-18T17:02:58.210Z"}
{"level":"info","message":{"method":"GET","responseTimeMs":4.44,"statusCode":200,"type":"performance","url":"/api/recipes"},"timestamp":"2026-05-18T17:02:58.211Z"}
{"level":"info","message":{"method":"GET","responseTimeMs":4.81,"statusCode":200,"type":"performance","url":"/api/recipes"},"timestamp":"2026-05-18T17:02:58.211Z"}
{"level":"info","message":{"method":"GET","responseTimeMs":5.19,"statusCode":200,"type":"performance","url":"/api/recipes"},"timestamp":"2026-05-18T17:02:58.212Z"}
{"level":"info","message":{"method":"GET","responseTimeMs":5.54,"statusCode":200,"type":"performance","url":"/api/recipes"},"timestamp":"2026-05-18T17:02:58.212Z"}
{"level":"info","message":{"method":"GET","responseTimeMs":5.76,"statusCode":200,"type":"performance","url":"/api/recipes"},"timestamp":"2026-05-18T17:02:58.213Z"}
{"level":"info","message":{"method":"GET","responseTimeMs":5.8,"statusCode":200,"type":"performance","url":"/api/recipes"},"timestamp":"2026-05-18T17:02:58.213Z"}
{"level":"info","message":{"method":"GET","responseTimeMs":6.1,"statusCode":200,"type":"performance","url":"/api/recipes"},"timestamp":"2026-05-18T17:02:58.214Z"}
{"level":"info","message":{"method":"GET","responseTimeMs":6.78,"statusCode":200,"type":"performance","url":"/api/recipes"},"timestamp":"2026-05-18T17:02:58.214Z"}
{"level":"info","message":{"method":"GET","responseTimeMs":7.81,"statusCode":200,"type":"performance","url":"/api/recipes"},"timestamp":"2026-05-18T17:02:58.215Z"}
{"level":"info","message":{"method":"GET","responseTimeMs":8.34,"statusCode":200,"type":"performance","url":"/api/recipes"},"timestamp":"2026-05-18T17:02:58.216Z"}
{"level":"info","message":{"method":"GET","responseTimeMs":8.89,"statusCode":200,"type":"performance","url":"/api/recipes"},"timestamp":"2026-05-18T17:02:58.217Z"}
{"level":"info","message":{"method":"GET","responseTimeMs":9.42,"statusCode":200,"type":"performance","url":"/api/recipes"},"timestamp":"2026-05-18T17:02:58.217Z"}
{"level":"info","message":{"method":"GET","responseTimeMs":9.95,"statusCode":200,"type":"performance","url":"/api/recipes"},"timestamp":"2026-05-18T17:02:58.218Z"}
{"level":"info","message":{"method":"GET","responseTimeMs":1.55,"statusCode":200,"type":"performance","url":"/api/recipes"},"timestamp":"2026-05-18T17:02:58.220Z"}
{"level":"info","message":{"method":"GET","responseTimeMs":2.57,"statusCode":200,"type":"performance","url":"/api/recipes"},"timestamp":"2026-05-18T17:02:58.221Z"}
{"level":"info","message":{"method":"GET","responseTimeMs":3.41,"statusCode":200,"type":"performance","url":"/api/recipes"},"timestamp":"2026-05-18T17:02:58.222Z"}
{"level":"info","message":{"method":"GET","responseTimeMs":4.31,"statusCode":200,"type":"performance","url":"/api/recipes"},"timestamp":"2026-05-18T17:02:58.223Z"}
{"level":"info","message":{"method":"GET","responseTimeMs":4.81,"statusCode":200,"type":"performance","url":"/api/recipes"},"timestamp":"2026-05-18T17:02:58.224Z"}
{"level":"info","message":{"method":"GET","responseTimeMs":2.58,"statusCode":200,"type":"performance","url":"/api/recipes"},"timestamp":"2026-05-18T17:02:58.227Z"}
{"level":"info","message":{"method":"GET","responseTimeMs":2.94,"statusCode":200,"type":"performance","url":"/api/recipes"},"timestamp":"2026-05-18T17:02:58.227Z"}
{"level":"info","message":{"method":"GET","responseTimeMs":3.36,"statusCode":200,"type":"performance","url":"/api/recipes"},"timestamp":"2026-05-18T17:02:58.228Z"}
{"level":"info","message":{"method":"GET","responseTimeMs":3.87,"statusCode":200,"type":"performance","url":"/api/recipes"},"timestamp":"2026-05-18T17:02:58.228Z"}
{"level":"info","message":{"method":"GET","responseTimeMs":4.29,"statusCode":200,"type":"performance","url":"/api/recipes"},"timestamp":"2026-05-18T17:02:58.229Z"}
{"level":"info","message":{"method":"GET","responseTimeMs":4.72,"statusCode":200,"type":"performance","url":"/api/recipes"},"timestamp":"2026-05-18T17:02:58.229Z"}
{"level":"info","message":{"method":"GET","responseTimeMs":5.21,"statusCode":200,"type":"performance","url":"/api/recipes"},"timestamp":"2026-05-18T17:02:58.230Z"}
{"level":"info","message":{"method":"GET","responseTimeMs":5.58,"statusCode":200,"type":"performance","url":"/api/recipes"},"timestamp":"2026-05-18T17:02:58.231Z"}
{"level":"info","message":{"method":"GET","responseTimeMs":5.9,"statusCode":200,"type":"performance","url":"/api/recipes"},"timestamp":"2026-05-18T17:02:58.231Z"}
{"level":"info","message":{"method":"GET","responseTimeMs":6.02,"statusCode":200,"type":"performance","url":"/api/recipes"},"timestamp":"2026-05-18T17:02:58.231Z"}
{"level":"info","message":{"method":"GET","responseTimeMs":6.33,"statusCode":200,"type":"performance","url":"/api/recipes"},"timestamp":"2026-05-18T17:02:58.232Z"}
{"level":"info","message":{"method":"GET","responseTimeMs":6.7,"statusCode":200,"type":"performance","url":"/api/recipes"},"timestamp":"2026-05-18T17:02:58.232Z"}
{"level":"info","message":{"method":"GET","responseTimeMs":7.16,"statusCode":200,"type":"performance","url":"/api/recipes"},"timestamp":"2026-05-18T17:02:58.233Z"}
{"level":"info","message":{"method":"GET","responseTimeMs":7.64,"statusCode":200,"type":"performance","url":"/api/recipes"},"timestamp":"2026-05-18T17:02:58.234Z"}
{"level":"info","message":{"method":"GET","responseTimeMs":8.03,"statusCode":200,"type":"performance","url":"/api/recipes"},"timestamp":"2026-05-18T17:02:58.234Z"}
{"level":"info","message":{"method":"GET","responseTimeMs":8.34,"statusCode":200,"type":"performance","url":"/api/recipes"},"timestamp":"2026-05-18T17:02:58.234Z"}
{"level":"info","message":{"method":"GET","responseTimeMs":1.07,"statusCode":200,"type":"performance","url":"/api/recipes"},"timestamp":"2026-05-18T17:02:58.236Z"}
{"level":"info","message":{"method":"GET","responseTimeMs":1.91,"statusCode":200,"type":"performance","url":"/api/recipes"},"timestamp":"2026-05-18T17:02:58.237Z"}
{"level":"info","message":{"method":"GET","responseTimeMs":6.28,"statusCode":200,"type":"performance","url":"/api/recipes"},"timestamp":"2026-05-18T17:02:58.241Z"}
{"level":"info","message":{"method":"GET","responseTimeMs":6.86,"statusCode":200,"type":"performance","url":"/api/recipes"},"timestamp":"2026-05-18T17:02:58.242Z"}
{"level":"info","message":{"method":"GET","responseTimeMs":9.18,"statusCode":200,"type":"performance","url":"/api/recipes"},"timestamp":"2026-05-18T17:02:58.244Z"}
{"level":"info","message":{"method":"GET","responseTimeMs":2.9,"statusCode":200,"type":"performance","url":"/api/recipes"},"timestamp":"2026-05-18T17:02:58.245Z"}
{"level":"info","message":{"method":"GET","responseTimeMs":3.43,"statusCode":200,"type":"performance","url":"/api/recipes"},"timestamp":"2026-05-18T17:02:58.246Z"}
{"level":"info","message":{"method":"GET","responseTimeMs":3.85,"statusCode":200,"type":"performance","url":"/api/recipes"},"timestamp":"2026-05-18T17:02:58.246Z"}
{"level":"info","message":{"method":"GET","responseTimeMs":4.3,"statusCode":200,"type":"performance","url":"/api/recipes"},"timestamp":"2026-05-18T17:02:58.247Z"}
{"level":"info","message":{"method":"GET","responseTimeMs":4.72,"statusCode":200,"type":"performance","url":"/api/recipes"},"timestamp":"2026-05-18T17:02:58.247Z"}
{"level":"info","message":{"method":"GET","responseTimeMs":5.13,"statusCode":200,"type":"performance","url":"/api/recipes"},"timestamp":"2026-05-18T17:02:58.248Z"}
{"level":"info","message":{"method":"GET","responseTimeMs":5.54,"statusCode":200,"type":"performance","url":"/api/recipes"},"timestamp":"2026-05-18T17:02:58.248Z"}
{"level":"info","message":{"method":"GET","responseTimeMs":5.97,"statusCode":200,"type":"performance","url":"/api/recipes"},"timestamp":"2026-05-18T17:02:58.249Z"}
{"level":"info","message":{"method":"GET","responseTimeMs":6.36,"statusCode":200,"type":"performance","url":"/api/recipes"},"timestamp":"2026-05-18T17:02:58.249Z"}
{"level":"info","message":{"method":"GET","responseTimeMs":6.79,"statusCode":200,"type":"performance","url":"/api/recipes"},"timestamp":"2026-05-18T17:02:58.250Z"}
{"level":"info","message":{"method":"GET","responseTimeMs":7.27,"statusCode":200,"type":"performance","url":"/api/recipes"},"timestamp":"2026-05-18T17:02:58.250Z"}
{"level":"info","message":{"method":"GET","responseTimeMs":7.86,"statusCode":200,"type":"performance","url":"/api/recipes"},"timestamp":"2026-05-18T17:02:58.251Z"}
{"level":"info","message":{"method":"GET","responseTimeMs":8.4,"statusCode":200,"type":"performance","url":"/api/recipes"},"timestamp":"2026-05-18T17:02:58.252Z"}
{"level":"info","message":{"method":"GET","responseTimeMs":8.82,"statusCode":200,"type":"performance","url":"/api/recipes"},"timestamp":"2026-05-18T17:02:58.252Z"}
{"level":"info","message":{"method":"GET","responseTimeMs":10.27,"statusCode":200,"type":"performance","url":"/api/recipes"},"timestamp":"2026-05-18T17:02:58.254Z"}
{"level":"info","message":{"method":"GET","responseTimeMs":2.58,"statusCode":200,"type":"performance","url":"/api/recipes"},"timestamp":"2026-05-18T17:02:58.255Z"}
{"level":"info","message":{"method":"GET","responseTimeMs":3.56,"statusCode":200,"type":"performance","url":"/api/recipes"},"timestamp":"2026-05-18T17:02:58.257Z"}
{"level":"info","message":{"method":"GET","responseTimeMs":4.17,"statusCode":200,"type":"performance","url":"/api/recipes"},"timestamp":"2026-05-18T17:02:58.257Z"}
{"level":"info","message":{"method":"GET","responseTimeMs":4.71,"statusCode":200,"type":"performance","url":"/api/recipes"},"timestamp":"2026-05-18T17:02:58.258Z"}
{"level":"info","message":{"method":"GET","responseTimeMs":5.07,"statusCode":200,"type":"performance","url":"/api/recipes"},"timestamp":"2026-05-18T17:02:58.258Z"}
{"level":"info","message":{"method":"GET","responseTimeMs":2.11,"statusCode":200,"type":"performance","url":"/api/recipes"},"timestamp":"2026-05-18T17:02:58.261Z"}
{"level":"info","message":{"method":"GET","responseTimeMs":2.83,"statusCode":200,"type":"performance","url":"/api/recipes"},"timestamp":"2026-05-18T17:02:58.262Z"}
{"level":"info","message":{"method":"GET","responseTimeMs":3.5,"statusCode":200,"type":"performance","url":"/api/recipes"},"timestamp":"2026-05-18T17:02:58.262Z"}
{"level":"info","message":{"method":"GET","responseTimeMs":3.94,"statusCode":200,"type":"performance","url":"/api/recipes"},"timestamp":"2026-05-18T17:02:58.263Z"}
{"level":"info","message":{"method":"GET","responseTimeMs":4.36,"statusCode":200,"type":"performance","url":"/api/recipes"},"timestamp":"2026-05-18T17:02:58.264Z"}
{"level":"info","message":{"method":"GET","responseTimeMs":4.75,"statusCode":200,"type":"performance","url":"/api/recipes"},"timestamp":"2026-05-18T17:02:58.264Z"}
{"level":"info","message":{"method":"GET","responseTimeMs":5.19,"statusCode":200,"type":"performance","url":"/api/recipes"},"timestamp":"2026-05-18T17:02:58.265Z"}
{"level":"info","message":{"method":"GET","responseTimeMs":5.55,"statusCode":200,"type":"performance","url":"/api/recipes"},"timestamp":"2026-05-18T17:02:58.265Z"}
{"level":"info","message":{"method":"GET","responseTimeMs":5.92,"statusCode":200,"type":"performance","url":"/api/recipes"},"timestamp":"2026-05-18T17:02:58.265Z"}
{"level":"info","message":{"method":"GET","responseTimeMs":6.28,"statusCode":200,"type":"performance","url":"/api/recipes"},"timestamp":"2026-05-18T17:02:58.266Z"}
{"level":"info","message":{"method":"GET","responseTimeMs":6.62,"statusCode":200,"type":"performance","url":"/api/recipes"},"timestamp":"2026-05-18T17:02:58.266Z"}
{"level":"info","message":{"method":"GET","responseTimeMs":7.05,"statusCode":200,"type":"performance","url":"/api/recipes"},"timestamp":"2026-05-18T17:02:58.267Z"}
{"level":"info","message":{"method":"GET","responseTimeMs":7.39,"statusCode":200,"type":"performance","url":"/api/recipes"},"timestamp":"2026-05-18T17:02:58.267Z"}
{"level":"info","message":{"method":"GET","responseTimeMs":7.76,"statusCode":200,"type":"performance","url":"/api/recipes"},"timestamp":"2026-05-18T17:02:58.268Z"}
{"level":"info","message":{"method":"GET","responseTimeMs":9.49,"statusCode":200,"type":"performance","url":"/api/recipes"},"timestamp":"2026-05-18T17:02:58.270Z"}
{"level":"info","message":{"method":"GET","responseTimeMs":2.43,"statusCode":200,"type":"performance","url":"/api/recipes"},"timestamp":"2026-05-18T17:02:58.271Z"}
{"level":"info","message":{"method":"GET","responseTimeMs":3.18,"statusCode":200,"type":"performance","url":"/api/recipes"},"timestamp":"2026-05-18T17:02:58.272Z"}
{"level":"info","message":{"method":"GET","responseTimeMs":4.43,"statusCode":200,"type":"performance","url":"/api/recipes"},"timestamp":"2026-05-18T17:02:58.273Z"}
{"level":"info","message":{"method":"GET","responseTimeMs":5.05,"statusCode":200,"type":"performance","url":"/api/recipes"},"timestamp":"2026-05-18T17:02:58.274Z"}
{"level":"info","message":{"method":"GET","responseTimeMs":5.48,"statusCode":200,"type":"performance","url":"/api/recipes"},"timestamp":"2026-05-18T17:02:58.274Z"}
{"level":"info","message":{"method":"GET","responseTimeMs":5.85,"statusCode":200,"type":"performance","url":"/api/recipes"},"timestamp":"2026-05-18T17:02:58.275Z"}
{"level":"info","message":{"method":"GET","responseTimeMs":6.5,"statusCode":200,"type":"performance","url":"/api/recipes"},"timestamp":"2026-05-18T17:02:58.275Z"}
{"level":"info","message":{"method":"GET","responseTimeMs":2.45,"statusCode":200,"type":"performance","url":"/api/recipes"},"timestamp":"2026-05-18T17:02:58.278Z"}
{"level":"info","message":{"method":"GET","responseTimeMs":3.25,"statusCode":200,"type":"performance","url":"/api/recipes"},"timestamp":"2026-05-18T17:02:58.279Z"}
{"level":"info","message":{"method":"GET","responseTimeMs":4.06,"statusCode":200,"type":"performance","url":"/api/recipes"},"timestamp":"2026-05-18T17:02:58.280Z"}
{"level":"info","message":{"method":"GET","responseTimeMs":4.59,"statusCode":200,"type":"performance","url":"/api/recipes"},"timestamp":"2026-05-18T17:02:58.281Z"}
{"level":"info","message":{"method":"GET","responseTimeMs":5.2,"statusCode":200,"type":"performance","url":"/api/recipes"},"timestamp":"2026-05-18T17:02:58.282Z"}
{"level":"info","message":{"method":"GET","responseTimeMs":5.68,"statusCode":200,"type":"performance","url":"/api/recipes"},"timestamp":"2026-05-18T17:02:58.282Z"}
{"level":"info","message":{"method":"GET","responseTimeMs":6.26,"statusCode":200,"type":"performance","url":"/api/recipes"},"timestamp":"2026-05-18T17:02:58.283Z"}
{"level":"info","message":{"method":"GET","responseTimeMs":6.72,"statusCode":200,"type":"performance","url":"/api/recipes"},"timestamp":"2026-05-18T17:02:58.284Z"}
{"level":"info","message":{"method":"GET","responseTimeMs":7.62,"statusCode":200,"type":"performance","url":"/api/recipes"},"timestamp":"2026-05-18T17:02:58.285Z"}
{"level":"info","message":{"method":"GET","responseTimeMs":7.98,"statusCode":200,"type":"performance","url":"/api/recipes"},"timestamp":"2026-05-18T17:02:58.285Z"}
{"level":"info","message":{"method":"GET","responseTimeMs":8.26,"statusCode":200,"type":"performance","url":"/api/recipes"},"timestamp":"2026-05-18T17:02:58.286Z"}
{"level":"info","message":{"method":"GET","responseTimeMs":8.89,"statusCode":200,"type":"performance","url":"/api/recipes"},"timestamp":"2026-05-18T17:02:58.286Z"}
{"level":"info","message":{"method":"GET","responseTimeMs":9.83,"statusCode":200,"type":"performance","url":"/api/recipes"},"timestamp":"2026-05-18T17:02:58.287Z"}
{"level":"info","message":{"method":"GET","responseTimeMs":2.06,"statusCode":200,"type":"performance","url":"/api/recipes"},"timestamp":"2026-05-18T17:02:58.290Z"}
{"level":"info","message":{"method":"GET","responseTimeMs":2.48,"statusCode":200,"type":"performance","url":"/api/recipes"},"timestamp":"2026-05-18T17:02:58.291Z"}
{"level":"info","message":{"method":"GET","responseTimeMs":2.99,"statusCode":200,"type":"performance","url":"/api/recipes"},"timestamp":"2026-05-18T17:02:58.291Z"}
{"level":"info","message":{"method":"GET","responseTimeMs":3.47,"statusCode":200,"type":"performance","url":"/api/recipes"},"timestamp":"2026-05-18T17:02:58.292Z"}
{"level":"info","message":{"method":"GET","responseTimeMs":3.98,"statusCode":200,"type":"performance","url":"/api/recipes"},"timestamp":"2026-05-18T17:02:58.292Z"}
{"level":"info","message":{"method":"GET","responseTimeMs":4.47,"statusCode":200,"type":"performance","url":"/api/recipes"},"timestamp":"2026-05-18T17:02:58.293Z"}
{"level":"info","message":{"method":"GET","responseTimeMs":4.33,"statusCode":200,"type":"performance","url":"/api/recipes"},"timestamp":"2026-05-18T17:02:58.294Z"}
{"level":"info","message":{"method":"GET","responseTimeMs":6.28,"statusCode":200,"type":"performance","url":"/api/recipes"},"timestamp":"2026-05-18T17:02:58.296Z"}
{"level":"info","message":{"method":"GET","responseTimeMs":2.43,"statusCode":200,"type":"performance","url":"/api/recipes"},"timestamp":"2026-05-18T17:02:58.296Z"}
{"level":"info","message":{"method":"GET","responseTimeMs":3,"statusCode":200,"type":"performance","url":"/api/recipes"},"timestamp":"2026-05-18T17:02:58.297Z"}
{"level":"info","message":{"method":"GET","responseTimeMs":3.44,"statusCode":200,"type":"performance","url":"/api/recipes"},"timestamp":"2026-05-18T17:02:58.297Z"}
{"level":"info","message":{"method":"GET","responseTimeMs":3.9,"statusCode":200,"type":"performance","url":"/api/recipes"},"timestamp":"2026-05-18T17:02:58.298Z"}
{"level":"info","message":{"method":"GET","responseTimeMs":4.32,"statusCode":200,"type":"performance","url":"/api/recipes"},"timestamp":"2026-05-18T17:02:58.299Z"}
{"level":"info","message":{"method":"GET","responseTimeMs":4.63,"statusCode":200,"type":"performance","url":"/api/recipes"},"timestamp":"2026-05-18T17:02:58.299Z"}
{"level":"info","message":{"method":"GET","responseTimeMs":5.08,"statusCode":200,"type":"performance","url":"/api/recipes"},"timestamp":"2026-05-18T17:02:58.300Z"}
{"level":"info","message":{"method":"GET","responseTimeMs":5.4,"statusCode":200,"type":"performance","url":"/api/recipes"},"timestamp":"2026-05-18T17:02:58.300Z"}
{"level":"info","message":{"method":"GET","responseTimeMs":5.74,"statusCode":200,"type":"performance","url":"/api/recipes"},"timestamp":"2026-05-18T17:02:58.300Z"}
{"level":"info","message":{"method":"GET","responseTimeMs":6.07,"statusCode":200,"type":"performance","url":"/api/recipes"},"timestamp":"2026-05-18T17:02:58.301Z"}
{"level":"info","message":{"method":"GET","responseTimeMs":6.48,"statusCode":200,"type":"performance","url":"/api/recipes"},"timestamp":"2026-05-18T17:02:58.301Z"}
{"level":"info","message":{"method":"GET","responseTimeMs":6.95,"statusCode":200,"type":"performance","url":"/api/recipes"},"timestamp":"2026-05-18T17:02:58.302Z"}
{"level":"info","message":{"method":"GET","responseTimeMs":7.5,"statusCode":200,"type":"performance","url":"/api/recipes"},"timestamp":"2026-05-18T17:02:58.303Z"}
{"level":"info","message":{"method":"GET","responseTimeMs":2.13,"statusCode":200,"type":"performance","url":"/api/recipes"},"timestamp":"2026-05-18T17:02:58.305Z"}
{"level":"info","message":{"method":"GET","responseTimeMs":3.2,"statusCode":200,"type":"performance","url":"/api/recipes"},"timestamp":"2026-05-18T17:02:58.306Z"}
{"level":"info","message":{"method":"GET","responseTimeMs":3.68,"statusCode":200,"type":"performance","url":"/api/recipes"},"timestamp":"2026-05-18T17:02:58.307Z"}
{"level":"info","message":{"method":"GET","responseTimeMs":4.39,"statusCode":200,"type":"performance","url":"/api/recipes"},"timestamp":"2026-05-18T17:02:58.308Z"}
{"level":"info","message":{"method":"GET","responseTimeMs":4.93,"statusCode":200,"type":"performance","url":"/api/recipes"},"timestamp":"2026-05-18T17:02:58.308Z"}
{"level":"info","message":{"method":"GET","responseTimeMs":5.23,"statusCode":200,"type":"performance","url":"/api/recipes"},"timestamp":"2026-05-18T17:02:58.309Z"}
{"level":"info","message":{"method":"GET","responseTimeMs":6.64,"statusCode":200,"type":"performance","url":"/api/recipes"},"timestamp":"2026-05-18T17:02:58.311Z"}
{"level":"info","message":{"method":"GET","responseTimeMs":2.22,"statusCode":200,"type":"performance","url":"/api/recipes"},"timestamp":"2026-05-18T17:02:58.311Z"}
{"level":"info","message":{"method":"GET","responseTimeMs":2.68,"statusCode":200,"type":"performance","url":"/api/recipes"},"timestamp":"2026-05-18T17:02:58.312Z"}
{"level":"info","message":{"method":"GET","responseTimeMs":3.08,"statusCode":200,"type":"performance","url":"/api/recipes"},"timestamp":"2026-05-18T17:02:58.313Z"}
{"level":"info","message":{"method":"GET","responseTimeMs":3.48,"statusCode":200,"type":"performance","url":"/api/recipes"},"timestamp":"2026-05-18T17:02:58.313Z"}
{"level":"info","message":{"method":"GET","responseTimeMs":3.97,"statusCode":200,"type":"performance","url":"/api/recipes"},"timestamp":"2026-05-18T17:02:58.314Z"}
{"level":"info","message":{"method":"GET","responseTimeMs":4.39,"statusCode":200,"type":"performance","url":"/api/recipes"},"timestamp":"2026-05-18T17:02:58.314Z"}
{"level":"info","message":{"method":"GET","responseTimeMs":4.79,"statusCode":200,"type":"performance","url":"/api/recipes"},"timestamp":"2026-05-18T17:02:58.315Z"}
{"level":"info","message":{"method":"GET","responseTimeMs":5.13,"statusCode":200,"type":"performance","url":"/api/recipes"},"timestamp":"2026-05-18T17:02:58.315Z"}
{"level":"info","message":{"method":"GET","responseTimeMs":5.46,"statusCode":200,"type":"performance","url":"/api/recipes"},"timestamp":"2026-05-18T17:02:58.315Z"}
{"level":"info","message":{"method":"GET","responseTimeMs":5.76,"statusCode":200,"type":"performance","url":"/api/recipes"},"timestamp":"2026-05-18T17:02:58.316Z"}
{"level":"info","message":{"method":"GET","responseTimeMs":6.13,"statusCode":200,"type":"performance","url":"/api/recipes"},"timestamp":"2026-05-18T17:02:58.316Z"}
{"level":"info","message":{"method":"GET","responseTimeMs":6.65,"statusCode":200,"type":"performance","url":"/api/recipes"},"timestamp":"2026-05-18T17:02:58.317Z"}
{"level":"info","message":{"method":"GET","responseTimeMs":8.37,"statusCode":200,"type":"performance","url":"/api/recipes"},"timestamp":"2026-05-18T17:02:58.319Z"}
{"level":"info","message":{"method":"GET","responseTimeMs":2.34,"statusCode":200,"type":"performance","url":"/api/recipes"},"timestamp":"2026-05-18T17:02:58.320Z"}
{"level":"info","message":{"method":"GET","responseTimeMs":3.21,"statusCode":200,"type":"performance","url":"/api/recipes"},"timestamp":"2026-05-18T17:02:58.321Z"}
{"level":"info","message":{"method":"GET","responseTimeMs":4,"statusCode":200,"type":"performance","url":"/api/recipes"},"timestamp":"2026-05-18T17:02:58.322Z"}
{"level":"info","message":{"method":"GET","responseTimeMs":5.57,"statusCode":200,"type":"performance","url":"/api/recipes"},"timestamp":"2026-05-18T17:02:58.323Z"}
{"level":"info","message":{"method":"GET","responseTimeMs":6.08,"statusCode":200,"type":"performance","url":"/api/recipes"},"timestamp":"2026-05-18T17:02:58.324Z"}
{"level":"info","message":{"method":"GET","responseTimeMs":6.51,"statusCode":200,"type":"performance","url":"/api/recipes"},"timestamp":"2026-05-18T17:02:58.325Z"}
{"level":"info","message":{"method":"GET","responseTimeMs":1.82,"statusCode":200,"type":"performance","url":"/api/recipes"},"timestamp":"2026-05-18T17:02:58.327Z"}
{"level":"info","message":{"method":"GET","responseTimeMs":2.3,"statusCode":200,"type":"performance","url":"/api/recipes"},"timestamp":"2026-05-18T17:02:58.327Z"}
{"level":"info","message":{"method":"GET","responseTimeMs":2.74,"statusCode":200,"type":"performance","url":"/api/recipes"},"timestamp":"2026-05-18T17:02:58.328Z"}
{"level":"info","message":{"method":"GET","responseTimeMs":3.12,"statusCode":200,"type":"performance","url":"/api/recipes"},"timestamp":"2026-05-18T17:02:58.328Z"}
{"level":"info","message":{"method":"GET","responseTimeMs":3.48,"statusCode":200,"type":"performance","url":"/api/recipes"},"timestamp":"2026-05-18T17:02:58.329Z"}
{"level":"info","message":{"method":"GET","responseTimeMs":3.84,"statusCode":200,"type":"performance","url":"/api/recipes"},"timestamp":"2026-05-18T17:02:58.329Z"}
{"level":"info","message":{"method":"GET","responseTimeMs":4.13,"statusCode":200,"type":"performance","url":"/api/recipes"},"timestamp":"2026-05-18T17:02:58.330Z"}
{"level":"info","message":{"method":"GET","responseTimeMs":4.45,"statusCode":200,"type":"performance","url":"/api/recipes"},"timestamp":"2026-05-18T17:02:58.330Z"}
{"level":"info","message":{"method":"GET","responseTimeMs":4.8,"statusCode":200,"type":"performance","url":"/api/recipes"},"timestamp":"2026-05-18T17:02:58.331Z"}
{"level":"info","message":{"method":"GET","responseTimeMs":5.16,"statusCode":200,"type":"performance","url":"/api/recipes"},"timestamp":"2026-05-18T17:02:58.331Z"}
{"level":"info","message":{"method":"GET","responseTimeMs":5.57,"statusCode":200,"type":"performance","url":"/api/recipes"},"timestamp":"2026-05-18T17:02:58.331Z"}
{"level":"info","message":{"method":"GET","responseTimeMs":7.1,"statusCode":200,"type":"performance","url":"/api/recipes"},"timestamp":"2026-05-18T17:02:58.333Z"}
{"level":"info","message":{"method":"GET","responseTimeMs":2.15,"statusCode":200,"type":"performance","url":"/api/recipes"},"timestamp":"2026-05-18T17:02:58.334Z"}
{"level":"info","message":{"method":"GET","responseTimeMs":2.56,"statusCode":200,"type":"performance","url":"/api/recipes"},"timestamp":"2026-05-18T17:02:58.335Z"}
{"level":"info","message":{"method":"GET","responseTimeMs":2.97,"statusCode":200,"type":"performance","url":"/api/recipes"},"timestamp":"2026-05-18T17:02:58.335Z"}
{"level":"info","message":{"method":"GET","responseTimeMs":3.45,"statusCode":200,"type":"performance","url":"/api/recipes"},"timestamp":"2026-05-18T17:02:58.336Z"}
{"level":"info","message":{"method":"GET","responseTimeMs":4.2,"statusCode":200,"type":"performance","url":"/api/recipes"},"timestamp":"2026-05-18T17:02:58.337Z"}
{"level":"info","message":{"method":"GET","responseTimeMs":5.05,"statusCode":200,"type":"performance","url":"/api/recipes"},"timestamp":"2026-05-18T17:02:58.338Z"}
{"level":"info","message":{"method":"GET","responseTimeMs":8.7,"statusCode":200,"type":"performance","url":"/api/recipes"},"timestamp":"2026-05-18T17:02:58.341Z"}
{"level":"info","message":{"method":"GET","responseTimeMs":9.89,"statusCode":200,"type":"performance","url":"/api/recipes"},"timestamp":"2026-05-18T17:02:58.343Z"}
{"level":"info","message":{"method":"GET","responseTimeMs":1.42,"statusCode":200,"type":"performance","url":"/api/recipes"},"timestamp":"2026-05-18T17:02:58.344Z"}
{"level":"info","message":{"method":"GET","responseTimeMs":1.76,"statusCode":200,"type":"performance","url":"/api/recipes"},"timestamp":"2026-05-18T17:02:58.345Z"}
{"level":"info","message":{"method":"GET","responseTimeMs":2.13,"statusCode":200,"type":"performance","url":"/api/recipes"},"timestamp":"2026-05-18T17:02:58.346Z"}
{"level":"info","message":{"method":"GET","responseTimeMs":2.56,"statusCode":200,"type":"performance","url":"/api/recipes"},"timestamp":"2026-05-18T17:02:58.346Z"}
{"level":"info","message":{"method":"GET","responseTimeMs":3.05,"statusCode":200,"type":"performance","url":"/api/recipes"},"timestamp":"2026-05-18T17:02:58.347Z"}
{"level":"info","message":{"method":"GET","responseTimeMs":3.73,"statusCode":200,"type":"performance","url":"/api/recipes"},"timestamp":"2026-05-18T17:02:58.347Z"}
{"level":"info","message":{"method":"GET","responseTimeMs":4.21,"statusCode":200,"type":"performance","url":"/api/recipes"},"timestamp":"2026-05-18T17:02:58.348Z"}
{"level":"info","message":{"method":"GET","responseTimeMs":4.69,"statusCode":200,"type":"performance","url":"/api/recipes"},"timestamp":"2026-05-18T17:02:58.348Z"}
{"level":"info","message":{"method":"GET","responseTimeMs":5.17,"statusCode":200,"type":"performance","url":"/api/recipes"},"timestamp":"2026-05-18T17:02:58.349Z"}
{"level":"info","message":{"method":"GET","responseTimeMs":5.63,"statusCode":200,"type":"performance","url":"/api/recipes"},"timestamp":"2026-05-18T17:02:58.350Z"}
{"level":"info","message":{"method":"GET","responseTimeMs":1.26,"statusCode":200,"type":"performance","url":"/api/recipes"},"timestamp":"2026-05-18T17:02:58.351Z"}
{"level":"info","message":{"method":"GET","responseTimeMs":1.64,"statusCode":200,"type":"performance","url":"/api/recipes"},"timestamp":"2026-05-18T17:02:58.352Z"}
{"level":"info","message":{"method":"GET","responseTimeMs":2.57,"statusCode":200,"type":"performance","url":"/api/recipes"},"timestamp":"2026-05-18T17:02:58.353Z"}
{"level":"info","message":{"method":"GET","responseTimeMs":3.65,"statusCode":200,"type":"performance","url":"/api/recipes"},"timestamp":"2026-05-18T17:02:58.354Z"}
{"level":"info","message":{"method":"GET","responseTimeMs":4.24,"statusCode":200,"type":"performance","url":"/api/recipes"},"timestamp":"2026-05-18T17:02:58.355Z"}
{"level":"info","message":{"method":"GET","responseTimeMs":5.26,"statusCode":200,"type":"performance","url":"/api/recipes"},"timestamp":"2026-05-18T17:02:58.356Z"}
{"level":"info","message":{"method":"GET","responseTimeMs":6.36,"statusCode":200,"type":"performance","url":"/api/recipes"},"timestamp":"2026-05-18T17:02:58.357Z"}
{"level":"info","message":{"method":"GET","responseTimeMs":7.17,"statusCode":200,"type":"performance","url":"/api/recipes"},"timestamp":"2026-05-18T17:02:58.358Z"}
{"level":"info","message":{"method":"GET","responseTimeMs":7.65,"statusCode":200,"type":"performance","url":"/api/recipes"},"timestamp":"2026-05-18T17:02:58.358Z"}
{"level":"info","message":{"method":"GET","responseTimeMs":1.51,"statusCode":200,"type":"performance","url":"/api/recipes"},"timestamp":"2026-05-18T17:02:58.360Z"}
{"level":"info","message":{"method":"GET","responseTimeMs":1.87,"statusCode":200,"type":"performance","url":"/api/recipes"},"timestamp":"2026-05-18T17:02:58.361Z"}
{"level":"info","message":{"method":"GET","responseTimeMs":2.42,"statusCode":200,"type":"performance","url":"/api/recipes"},"timestamp":"2026-05-18T17:02:58.361Z"}
{"level":"info","message":{"method":"GET","responseTimeMs":2.88,"statusCode":200,"type":"performance","url":"/api/recipes"},"timestamp":"2026-05-18T17:02:58.362Z"}
{"level":"info","message":{"method":"GET","responseTimeMs":3.3,"statusCode":200,"type":"performance","url":"/api/recipes"},"timestamp":"2026-05-18T17:02:58.362Z"}
{"level":"info","message":{"method":"GET","responseTimeMs":3.69,"statusCode":200,"type":"performance","url":"/api/recipes"},"timestamp":"2026-05-18T17:02:58.363Z"}
{"level":"info","message":{"method":"GET","responseTimeMs":4.26,"statusCode":200,"type":"performance","url":"/api/recipes"},"timestamp":"2026-05-18T17:02:58.364Z"}
{"level":"info","message":{"method":"GET","responseTimeMs":5.04,"statusCode":200,"type":"performance","url":"/api/recipes"},"timestamp":"2026-05-18T17:02:58.364Z"}
{"level":"info","message":{"method":"GET","responseTimeMs":5.43,"statusCode":200,"type":"performance","url":"/api/recipes"},"timestamp":"2026-05-18T17:02:58.365Z"}
{"level":"info","message":{"method":"GET","responseTimeMs":1.31,"statusCode":200,"type":"performance","url":"/api/recipes"},"timestamp":"2026-05-18T17:02:58.367Z"}
{"level":"info","message":{"method":"GET","responseTimeMs":1.69,"statusCode":200,"type":"performance","url":"/api/recipes"},"timestamp":"2026-05-18T17:02:58.367Z"}
{"level":"info","message":{"method":"GET","responseTimeMs":2.12,"statusCode":200,"type":"performance","url":"/api/recipes"},"timestamp":"2026-05-18T17:02:58.368Z"}
{"level":"info","message":{"method":"GET","responseTimeMs":2.65,"statusCode":200,"type":"performance","url":"/api/recipes"},"timestamp":"2026-05-18T17:02:58.368Z"}
{"level":"info","message":{"method":"GET","responseTimeMs":3.14,"statusCode":200,"type":"performance","url":"/api/recipes"},"timestamp":"2026-05-18T17:02:58.369Z"}
{"level":"info","message":{"method":"GET","responseTimeMs":4.67,"statusCode":200,"type":"performance","url":"/api/recipes"},"timestamp":"2026-05-18T17:02:58.371Z"}
{"level":"info","message":{"method":"GET","responseTimeMs":5.5,"statusCode":200,"type":"performance","url":"/api/recipes"},"timestamp":"2026-05-18T17:02:58.371Z"}
{"level":"info","message":{"method":"GET","responseTimeMs":6.22,"statusCode":200,"type":"performance","url":"/api/recipes"},"timestamp":"2026-05-18T17:02:58.372Z"}
{"level":"info","message":{"method":"GET","responseTimeMs":7,"statusCode":200,"type":"performance","url":"/api/recipes"},"timestamp":"2026-05-18T17:02:58.373Z"}
{"level":"info","message":{"method":"GET","responseTimeMs":1.46,"statusCode":200,"type":"performance","url":"/api/recipes"},"timestamp":"2026-05-18T17:02:58.375Z"}
{"level":"info","message":{"method":"GET","responseTimeMs":1.79,"statusCode":200,"type":"performance","url":"/api/recipes"},"timestamp":"2026-05-18T17:02:58.376Z"}
{"level":"info","message":{"method":"GET","responseTimeMs":2.3,"statusCode":200,"type":"performance","url":"/api/recipes"},"timestamp":"2026-05-18T17:02:58.376Z"}
{"level":"info","message":{"method":"GET","responseTimeMs":2.76,"statusCode":200,"type":"performance","url":"/api/recipes"},"timestamp":"2026-05-18T17:02:58.377Z"}
{"level":"info","message":{"method":"GET","responseTimeMs":3.17,"statusCode":200,"type":"performance","url":"/api/recipes"},"timestamp":"2026-05-18T17:02:58.378Z"}
{"level":"info","message":{"method":"GET","responseTimeMs":3.59,"statusCode":200,"type":"performance","url":"/api/recipes"},"timestamp":"2026-05-18T17:02:58.378Z"}
{"level":"info","message":{"method":"GET","responseTimeMs":5.87,"statusCode":200,"type":"performance","url":"/api/recipes"},"timestamp":"2026-05-18T17:02:58.380Z"}
{"level":"info","message":{"method":"GET","responseTimeMs":6.49,"statusCode":200,"type":"performance","url":"/api/recipes"},"timestamp":"2026-05-18T17:02:58.381Z"}
{"level":"info","message":{"method":"GET","responseTimeMs":1.67,"statusCode":200,"type":"performance","url":"/api/recipes"},"timestamp":"2026-05-18T17:02:58.383Z"}
{"level":"info","message":{"method":"GET","responseTimeMs":2.06,"statusCode":200,"type":"performance","url":"/api/recipes"},"timestamp":"2026-05-18T17:02:58.384Z"}
{"level":"info","message":{"method":"GET","responseTimeMs":2.47,"statusCode":200,"type":"performance","url":"/api/recipes"},"timestamp":"2026-05-18T17:02:58.384Z"}
{"level":"info","message":{"method":"GET","responseTimeMs":2.88,"statusCode":200,"type":"performance","url":"/api/recipes"},"timestamp":"2026-05-18T17:02:58.385Z"}
{"level":"info","message":{"method":"GET","responseTimeMs":3.26,"statusCode":200,"type":"performance","url":"/api/recipes"},"timestamp":"2026-05-18T17:02:58.385Z"}
{"level":"info","message":{"method":"GET","responseTimeMs":3.84,"statusCode":200,"type":"performance","url":"/api/recipes"},"timestamp":"2026-05-18T17:02:58.386Z"}
{"level":"info","message":{"method":"GET","responseTimeMs":4.46,"statusCode":200,"type":"performance","url":"/api/recipes"},"timestamp":"2026-05-18T17:02:58.387Z"}
{"level":"info","message":{"method":"GET","responseTimeMs":5.39,"statusCode":200,"type":"performance","url":"/api/recipes"},"timestamp":"2026-05-18T17:02:58.388Z"}
{"level":"info","message":{"method":"GET","responseTimeMs":6.33,"statusCode":200,"type":"performance","url":"/api/recipes"},"timestamp":"2026-05-18T17:02:58.389Z"}
{"level":"info","message":{"method":"GET","responseTimeMs":1.59,"statusCode":200,"type":"performance","url":"/api/recipes"},"timestamp":"2026-05-18T17:02:58.391Z"}
{"level":"info","message":{"method":"GET","responseTimeMs":2.05,"statusCode":200,"type":"performance","url":"/api/recipes"},"timestamp":"2026-05-18T17:02:58.392Z"}
{"level":"info","message":{"method":"GET","responseTimeMs":2.6,"statusCode":200,"type":"performance","url":"/api/recipes"},"timestamp":"2026-05-18T17:02:58.392Z"}
{"level":"info","message":{"method":"GET","responseTimeMs":3.1,"statusCode":200,"type":"performance","url":"/api/recipes"},"timestamp":"2026-05-18T17:02:58.393Z"}
{"level":"info","message":{"method":"GET","responseTimeMs":3.53,"statusCode":200,"type":"performance","url":"/api/recipes"},"timestamp":"2026-05-18T17:02:58.394Z"}
{"level":"info","message":{"method":"GET","responseTimeMs":4.08,"statusCode":200,"type":"performance","url":"/api/recipes"},"timestamp":"2026-05-18T17:02:58.394Z"}
{"level":"info","message":{"method":"GET","responseTimeMs":4.75,"statusCode":200,"type":"performance","url":"/api/recipes"},"timestamp":"2026-05-18T17:02:58.395Z"}
{"level":"info","message":{"method":"GET","responseTimeMs":1.85,"statusCode":200,"type":"performance","url":"/api/recipes"},"timestamp":"2026-05-18T17:02:58.397Z"}
{"level":"info","message":{"method":"GET","responseTimeMs":2.29,"statusCode":200,"type":"performance","url":"/api/recipes"},"timestamp":"2026-05-18T17:02:58.398Z"}
{"level":"info","message":{"method":"GET","responseTimeMs":2.92,"statusCode":200,"type":"performance","url":"/api/recipes"},"timestamp":"2026-05-18T17:02:58.399Z"}
{"level":"info","message":{"method":"GET","responseTimeMs":3.56,"statusCode":200,"type":"performance","url":"/api/recipes"},"timestamp":"2026-05-18T17:02:58.399Z"}
{"level":"info","message":{"method":"GET","responseTimeMs":4.11,"statusCode":200,"type":"performance","url":"/api/recipes"},"timestamp":"2026-05-18T17:02:58.400Z"}
{"level":"info","message":{"method":"GET","responseTimeMs":4.59,"statusCode":200,"type":"performance","url":"/api/recipes"},"timestamp":"2026-05-18T17:02:58.401Z"}
{"level":"info","message":{"method":"GET","responseTimeMs":4.95,"statusCode":200,"type":"performance","url":"/api/recipes"},"timestamp":"2026-05-18T17:02:58.401Z"}
{"level":"info","message":{"method":"GET","responseTimeMs":5.29,"statusCode":200,"type":"performance","url":"/api/recipes"},"timestamp":"2026-05-18T17:02:58.402Z"}
{"level":"info","message":{"method":"GET","responseTimeMs":5.67,"statusCode":200,"type":"performance","url":"/api/recipes"},"timestamp":"2026-05-18T17:02:58.402Z"}
{"level":"info","message":{"method":"GET","responseTimeMs":1.65,"statusCode":200,"type":"performance","url":"/api/recipes"},"timestamp":"2026-05-18T17:02:58.405Z"}
{"level":"info","message":{"method":"GET","responseTimeMs":2.49,"statusCode":200,"type":"performance","url":"/api/recipes"},"timestamp":"2026-05-18T17:02:58.406Z"}
{"level":"info","message":{"method":"GET","responseTimeMs":3.96,"statusCode":200,"type":"performance","url":"/api/recipes"},"timestamp":"2026-05-18T17:02:58.407Z"}
{"level":"info","message":{"method":"GET","responseTimeMs":4.9,"statusCode":200,"type":"performance","url":"/api/recipes"},"timestamp":"2026-05-18T17:02:58.408Z"}
{"level":"info","message":{"method":"GET","responseTimeMs":5.64,"statusCode":200,"type":"performance","url":"/api/recipes"},"timestamp":"2026-05-18T17:02:58.409Z"}
{"level":"info","message":{"method":"GET","responseTimeMs":6.01,"statusCode":200,"type":"performance","url":"/api/recipes"},"timestamp":"2026-05-18T17:02:58.410Z"}
{"level":"info","message":{"method":"GET","responseTimeMs":1.38,"statusCode":200,"type":"performance","url":"/api/recipes"},"timestamp":"2026-05-18T17:02:58.412Z"}
{"level":"info","message":{"method":"GET","responseTimeMs":1.79,"statusCode":200,"type":"performance","url":"/api/recipes"},"timestamp":"2026-05-18T17:02:58.412Z"}
{"level":"info","message":{"method":"GET","responseTimeMs":2.14,"statusCode":200,"type":"performance","url":"/api/recipes"},"timestamp":"2026-05-18T17:02:58.413Z"}
{"level":"info","message":{"method":"GET","responseTimeMs":2.58,"statusCode":200,"type":"performance","url":"/api/recipes"},"timestamp":"2026-05-18T17:02:58.413Z"}
{"level":"info","message":{"method":"GET","responseTimeMs":2.98,"statusCode":200,"type":"performance","url":"/api/recipes"},"timestamp":"2026-05-18T17:02:58.414Z"}
{"level":"info","message":{"method":"GET","responseTimeMs":3.44,"statusCode":200,"type":"performance","url":"/api/recipes"},"timestamp":"2026-05-18T17:02:58.414Z"}
{"level":"info","message":{"method":"GET","responseTimeMs":3.83,"statusCode":200,"type":"performance","url":"/api/recipes"},"timestamp":"2026-05-18T17:02:58.415Z"}
{"level":"info","message":{"method":"GET","responseTimeMs":4.18,"statusCode":200,"type":"performance","url":"/api/recipes"},"timestamp":"2026-05-18T17:02:58.415Z"}
{"level":"info","message":{"method":"GET","responseTimeMs":4.77,"statusCode":200,"type":"performance","url":"/api/recipes"},"timestamp":"2026-05-18T17:02:58.416Z"}
{"level":"info","message":{"method":"GET","responseTimeMs":1.34,"statusCode":200,"type":"performance","url":"/api/recipes"},"timestamp":"2026-05-18T17:02:58.417Z"}
{"level":"info","message":{"method":"GET","responseTimeMs":1.87,"statusCode":200,"type":"performance","url":"/api/recipes"},"timestamp":"2026-05-18T17:02:58.418Z"}
{"level":"info","message":{"method":"GET","responseTimeMs":2.67,"statusCode":200,"type":"performance","url":"/api/recipes"},"timestamp":"2026-05-18T17:02:58.419Z"}
{"level":"info","message":{"method":"GET","responseTimeMs":4.05,"statusCode":200,"type":"performance","url":"/api/recipes"},"timestamp":"2026-05-18T17:02:58.421Z"}
{"level":"info","message":{"method":"GET","responseTimeMs":6.06,"statusCode":200,"type":"performance","url":"/api/recipes"},"timestamp":"2026-05-18T17:02:58.423Z"}
{"level":"info","message":{"method":"GET","responseTimeMs":1.38,"statusCode":200,"type":"performance","url":"/api/recipes"},"timestamp":"2026-05-18T17:02:58.425Z"}
{"level":"info","message":{"method":"GET","responseTimeMs":1.82,"statusCode":200,"type":"performance","url":"/api/recipes"},"timestamp":"2026-05-18T17:02:58.425Z"}
{"level":"info","message":{"method":"GET","responseTimeMs":2.43,"statusCode":200,"type":"performance","url":"/api/recipes"},"timestamp":"2026-05-18T17:02:58.426Z"}
{"level":"info","message":{"method":"GET","responseTimeMs":3.03,"statusCode":200,"type":"performance","url":"/api/recipes"},"timestamp":"2026-05-18T17:02:58.427Z"}
{"level":"info","message":{"method":"GET","responseTimeMs":3.69,"statusCode":200,"type":"performance","url":"/api/recipes"},"timestamp":"2026-05-18T17:02:58.427Z"}
{"level":"info","message":{"method":"GET","responseTimeMs":4.08,"statusCode":200,"type":"performance","url":"/api/recipes"},"timestamp":"2026-05-18T17:02:58.428Z"}
{"level":"info","message":{"method":"GET","responseTimeMs":4.4,"statusCode":200,"type":"performance","url":"/api/recipes"},"timestamp":"2026-05-18T17:02:58.428Z"}
{"level":"info","message":{"method":"GET","responseTimeMs":4.68,"statusCode":200,"type":"performance","url":"/api/recipes"},"timestamp":"2026-05-18T17:02:58.429Z"}
{"level":"info","message":{"method":"GET","responseTimeMs":0.97,"statusCode":200,"type":"performance","url":"/api/recipes"},"timestamp":"2026-05-18T17:02:58.430Z"}
{"level":"info","message":{"method":"GET","responseTimeMs":1.36,"statusCode":200,"type":"performance","url":"/api/recipes"},"timestamp":"2026-05-18T17:02:58.431Z"}
{"level":"info","message":{"method":"GET","responseTimeMs":1.76,"statusCode":200,"type":"performance","url":"/api/recipes"},"timestamp":"2026-05-18T17:02:58.431Z"}
{"level":"info","message":{"method":"GET","responseTimeMs":3.21,"statusCode":200,"type":"performance","url":"/api/recipes"},"timestamp":"2026-05-18T17:02:58.433Z"}
{"level":"info","message":{"method":"GET","responseTimeMs":2.04,"statusCode":200,"type":"performance","url":"/api/recipes"},"timestamp":"2026-05-18T17:02:58.433Z"}
{"level":"info","message":{"method":"GET","responseTimeMs":2.38,"statusCode":200,"type":"performance","url":"/api/recipes"},"timestamp":"2026-05-18T17:02:58.434Z"}
{"level":"info","message":{"method":"GET","responseTimeMs":2.78,"statusCode":200,"type":"performance","url":"/api/recipes"},"timestamp":"2026-05-18T17:02:58.434Z"}
{"level":"info","message":{"method":"GET","responseTimeMs":3.13,"statusCode":200,"type":"performance","url":"/api/recipes"},"timestamp":"2026-05-18T17:02:58.435Z"}
{"level":"info","message":{"method":"GET","responseTimeMs":3.5,"statusCode":200,"type":"performance","url":"/api/recipes"},"timestamp":"2026-05-18T17:02:58.435Z"}
{"level":"info","message":{"method":"GET","responseTimeMs":4.02,"statusCode":200,"type":"performance","url":"/api/recipes"},"timestamp":"2026-05-18T17:02:58.436Z"}
{"level":"info","message":{"method":"GET","responseTimeMs":4.74,"statusCode":200,"type":"performance","url":"/api/recipes"},"timestamp":"2026-05-18T17:02:58.437Z"}
{"level":"info","message":{"method":"GET","responseTimeMs":5.99,"statusCode":200,"type":"performance","url":"/api/recipes"},"timestamp":"2026-05-18T17:02:58.438Z"}
{"level":"info","message":{"method":"GET","responseTimeMs":2.22,"statusCode":200,"type":"performance","url":"/api/recipes"},"timestamp":"2026-05-18T17:02:58.439Z"}
{"level":"info","message":{"method":"GET","responseTimeMs":2.78,"statusCode":200,"type":"performance","url":"/api/recipes"},"timestamp":"2026-05-18T17:02:58.440Z"}
{"level":"info","message":{"method":"GET","responseTimeMs":4.17,"statusCode":200,"type":"performance","url":"/api/recipes"},"timestamp":"2026-05-18T17:02:58.442Z"}
{"level":"info","message":{"method":"GET","responseTimeMs":1.82,"statusCode":200,"type":"performance","url":"/api/recipes"},"timestamp":"2026-05-18T17:02:58.442Z"}
{"level":"info","message":{"method":"GET","responseTimeMs":2.24,"statusCode":200,"type":"performance","url":"/api/recipes"},"timestamp":"2026-05-18T17:02:58.443Z"}
{"level":"info","message":{"method":"GET","responseTimeMs":2.64,"statusCode":200,"type":"performance","url":"/api/recipes"},"timestamp":"2026-05-18T17:02:58.443Z"}
{"level":"info","message":{"method":"GET","responseTimeMs":3.08,"statusCode":200,"type":"performance","url":"/api/recipes"},"timestamp":"2026-05-18T17:02:58.444Z"}
{"level":"info","message":{"method":"GET","responseTimeMs":3.51,"statusCode":200,"type":"performance","url":"/api/recipes"},"timestamp":"2026-05-18T17:02:58.445Z"}
{"level":"info","message":{"method":"GET","responseTimeMs":3.94,"statusCode":200,"type":"performance","url":"/api/recipes"},"timestamp":"2026-05-18T17:02:58.445Z"}
{"level":"info","message":{"method":"GET","responseTimeMs":5.1,"statusCode":200,"type":"performance","url":"/api/recipes"},"timestamp":"2026-05-18T17:02:58.446Z"}
{"level":"info","message":{"method":"GET","responseTimeMs":1.55,"statusCode":200,"type":"performance","url":"/api/recipes"},"timestamp":"2026-05-18T17:02:58.447Z"}
{"level":"info","message":{"method":"GET","responseTimeMs":1.96,"statusCode":200,"type":"performance","url":"/api/recipes"},"timestamp":"2026-05-18T17:02:58.447Z"}
{"level":"info","message":{"method":"GET","responseTimeMs":2.44,"statusCode":200,"type":"performance","url":"/api/recipes"},"timestamp":"2026-05-18T17:02:58.448Z"}
{"level":"info","message":{"method":"GET","responseTimeMs":1.05,"statusCode":200,"type":"performance","url":"/api/recipes"},"timestamp":"2026-05-18T17:02:58.449Z"}
{"level":"info","message":{"method":"GET","responseTimeMs":1.41,"statusCode":200,"type":"performance","url":"/api/recipes"},"timestamp":"2026-05-18T17:02:58.450Z"}
{"level":"info","message":{"method":"GET","responseTimeMs":1.78,"statusCode":200,"type":"performance","url":"/api/recipes"},"timestamp":"2026-05-18T17:02:58.450Z"}
{"level":"info","message":{"method":"GET","responseTimeMs":2.15,"statusCode":200,"type":"performance","url":"/api/recipes"},"timestamp":"2026-05-18T17:02:58.451Z"}
{"level":"info","message":{"method":"GET","responseTimeMs":2.52,"statusCode":200,"type":"performance","url":"/api/recipes"},"timestamp":"2026-05-18T17:02:58.451Z"}
{"level":"info","message":{"method":"GET","responseTimeMs":3.02,"statusCode":200,"type":"performance","url":"/api/recipes"},"timestamp":"2026-05-18T17:02:58.452Z"}
{"level":"info","message":{"method":"GET","responseTimeMs":1.44,"statusCode":200,"type":"performance","url":"/api/recipes"},"timestamp":"2026-05-18T17:02:58.454Z"}
{"level":"info","message":{"method":"GET","responseTimeMs":2.05,"statusCode":200,"type":"performance","url":"/api/recipes"},"timestamp":"2026-05-18T17:02:58.455Z"}
{"level":"info","message":{"method":"GET","responseTimeMs":2.91,"statusCode":200,"type":"performance","url":"/api/recipes"},"timestamp":"2026-05-18T17:02:58.456Z"}
{"level":"info","message":{"method":"GET","responseTimeMs":3.35,"statusCode":200,"type":"performance","url":"/api/recipes"},"timestamp":"2026-05-18T17:02:58.456Z"}
{"level":"info","message":{"method":"GET","responseTimeMs":1.1,"statusCode":200,"type":"performance","url":"/api/recipes"},"timestamp":"2026-05-18T17:02:58.458Z"}
{"level":"info","message":{"method":"GET","responseTimeMs":1.52,"statusCode":200,"type":"performance","url":"/api/recipes"},"timestamp":"2026-05-18T17:02:58.458Z"}
{"level":"info","message":{"method":"GET","responseTimeMs":1.96,"statusCode":200,"type":"performance","url":"/api/recipes"},"timestamp":"2026-05-18T17:02:58.459Z"}
{"level":"info","message":{"method":"GET","responseTimeMs":2.38,"statusCode":200,"type":"performance","url":"/api/recipes"},"timestamp":"2026-05-18T17:02:58.459Z"}
{"level":"info","message":{"method":"GET","responseTimeMs":2.92,"statusCode":200,"type":"performance","url":"/api/recipes"},"timestamp":"2026-05-18T17:02:58.460Z"}
{"level":"info","message":{"method":"GET","responseTimeMs":1.17,"statusCode":200,"type":"performance","url":"/api/recipes"},"timestamp":"2026-05-18T17:02:58.462Z"}
{"level":"info","message":{"method":"GET","responseTimeMs":1.73,"statusCode":200,"type":"performance","url":"/api/recipes"},"timestamp":"2026-05-18T17:02:58.462Z"}
{"level":"info","message":{"method":"GET","responseTimeMs":2.11,"statusCode":200,"type":"performance","url":"/api/recipes"},"timestamp":"2026-05-18T17:02:58.463Z"}
{"level":"info","message":{"method":"GET","responseTimeMs":3.24,"statusCode":200,"type":"performance","url":"/api/recipes"},"timestamp":"2026-05-18T17:02:58.464Z"}
{"level":"info","message":{"method":"GET","responseTimeMs":1.59,"statusCode":200,"type":"performance","url":"/api/recipes"},"timestamp":"2026-05-18T17:02:58.465Z"}
{"level":"info","message":{"method":"GET","responseTimeMs":1.88,"statusCode":200,"type":"performance","url":"/api/recipes"},"timestamp":"2026-05-18T17:02:58.465Z"}
{"level":"info","message":{"method":"GET","responseTimeMs":2.33,"statusCode":200,"type":"performance","url":"/api/recipes"},"timestamp":"2026-05-18T17:02:58.466Z"}
{"level":"info","message":{"method":"GET","responseTimeMs":3.26,"statusCode":200,"type":"performance","url":"/api/recipes"},"timestamp":"2026-05-18T17:02:58.467Z"}
{"level":"info","message":{"method":"GET","responseTimeMs":1.6,"statusCode":200,"type":"performance","url":"/api/recipes"},"timestamp":"2026-05-18T17:02:58.468Z"}
{"level":"info","message":{"method":"GET","responseTimeMs":2,"statusCode":200,"type":"performance","url":"/api/recipes"},"timestamp":"2026-05-18T17:02:58.468Z"}
{"level":"info","message":{"method":"GET","responseTimeMs":2.65,"statusCode":200,"type":"performance","url":"/api/recipes"},"timestamp":"2026-05-18T17:02:58.469Z"}
{"level":"info","message":{"method":"GET","responseTimeMs":1.19,"statusCode":200,"type":"performance","url":"/api/recipes"},"timestamp":"2026-05-18T17:02:58.471Z"}
{"level":"info","message":{"method":"GET","responseTimeMs":1.83,"statusCode":200,"type":"performance","url":"/api/recipes"},"timestamp":"2026-05-18T17:02:58.472Z"}
{"level":"info","message":{"method":"GET","responseTimeMs":2.82,"statusCode":200,"type":"performance","url":"/api/recipes"},"timestamp":"2026-05-18T17:02:58.473Z"}
{"level":"info","message":{"method":"GET","responseTimeMs":1.15,"statusCode":200,"type":"performance","url":"/api/recipes"},"timestamp":"2026-05-18T17:02:58.474Z"}
{"level":"info","message":{"method":"GET","responseTimeMs":1.53,"statusCode":200,"type":"performance","url":"/api/recipes"},"timestamp":"2026-05-18T17:02:58.475Z"}
{"level":"info","message":{"method":"GET","responseTimeMs":1.99,"statusCode":200,"type":"performance","url":"/api/recipes"},"timestamp":"2026-05-18T17:02:58.475Z"}
{"level":"info","message":{"method":"GET","responseTimeMs":2.32,"statusCode":200,"type":"performance","url":"/api/recipes"},"timestamp":"2026-05-18T17:02:58.476Z"}
{"level":"info","message":{"method":"GET","responseTimeMs":0.88,"statusCode":200,"type":"performance","url":"/api/recipes"},"timestamp":"2026-05-18T17:02:58.477Z"}
{"level":"info","message":{"method":"GET","responseTimeMs":1.68,"statusCode":200,"type":"performance","url":"/api/recipes"},"timestamp":"2026-05-18T17:02:58.478Z"}
{"level":"info","message":{"method":"GET","responseTimeMs":1.47,"statusCode":200,"type":"performance","url":"/api/recipes"},"timestamp":"2026-05-18T17:02:58.479Z"}
{"level":"info","message":{"method":"GET","responseTimeMs":1.84,"statusCode":200,"type":"performance","url":"/api/recipes"},"timestamp":"2026-05-18T17:02:58.479Z"}
{"level":"info","message":{"method":"GET","responseTimeMs":2.27,"statusCode":200,"type":"performance","url":"/api/recipes"},"timestamp":"2026-05-18T17:02:58.480Z"}
{"level":"info","message":{"method":"GET","responseTimeMs":2.94,"statusCode":200,"type":"performance","url":"/api/recipes"},"timestamp":"2026-05-18T17:02:58.481Z"}
{"level":"info","message":{"method":"GET","responseTimeMs":1.96,"statusCode":200,"type":"performance","url":"/api/recipes"},"timestamp":"2026-05-18T17:02:58.482Z"}
{"level":"info","message":{"method":"GET","responseTimeMs":1.35,"statusCode":200,"type":"performance","url":"/api/recipes"},"timestamp":"2026-05-18T17:02:58.483Z"}
{"level":"info","message":{"method":"GET","responseTimeMs":1.74,"statusCode":200,"type":"performance","url":"/api/recipes"},"timestamp":"2026-05-18T17:02:58.483Z"}
{"level":"info","message":{"method":"GET","responseTimeMs":2.05,"statusCode":200,"type":"performance","url":"/api/recipes"},"timestamp":"2026-05-18T17:02:58.484Z"}
{"level":"info","message":{"method":"GET","responseTimeMs":1.18,"statusCode":200,"type":"performance","url":"/api/recipes"},"timestamp":"2026-05-18T17:02:58.485Z"}
{"level":"info","message":{"method":"GET","responseTimeMs":2.04,"statusCode":200,"type":"performance","url":"/api/recipes"},"timestamp":"2026-05-18T17:02:58.486Z"}
{"level":"info","message":{"method":"GET","responseTimeMs":2.66,"statusCode":200,"type":"performance","url":"/api/recipes"},"timestamp":"2026-05-18T17:02:58.487Z"}
{"level":"info","message":{"method":"GET","responseTimeMs":3.26,"statusCode":200,"type":"performance","url":"/api/recipes"},"timestamp":"2026-05-18T17:02:58.488Z"}
{"level":"info","message":{"method":"GET","responseTimeMs":1.4,"statusCode":200,"type":"performance","url":"/api/recipes"},"timestamp":"2026-05-18T17:02:58.490Z"}
{"level":"info","message":{"method":"GET","responseTimeMs":2.09,"statusCode":200,"type":"performance","url":"/api/recipes"},"timestamp":"2026-05-18T17:02:58.491Z"}
{"level":"info","message":{"method":"GET","responseTimeMs":1.25,"statusCode":200,"type":"performance","url":"/api/recipes"},"timestamp":"2026-05-18T17:02:58.492Z"}
{"level":"info","message":{"method":"GET","responseTimeMs":1.21,"statusCode":200,"type":"performance","url":"/api/recipes"},"timestamp":"2026-05-18T17:02:58.492Z"}
{"level":"info","message":{"method":"GET","responseTimeMs":1.25,"statusCode":200,"type":"performance","url":"/api/recipes"},"timestamp":"2026-05-18T17:02:58.493Z"}
{"level":"info","message":{"method":"GET","responseTimeMs":1.18,"statusCode":200,"type":"performance","url":"/api/recipes"},"timestamp":"2026-05-18T17:02:58.494Z"}
{"level":"info","message":{"method":"GET","responseTimeMs":1.07,"statusCode":200,"type":"performance","url":"/api/recipes"},"timestamp":"2026-05-18T17:02:58.494Z"}
{"level":"info","message":{"method":"GET","responseTimeMs":0.59,"statusCode":200,"type":"performance","url":"/api/recipes"},"timestamp":"2026-05-18T17:02:58.495Z"}
{"level":"info","message":{"method":"GET","responseTimeMs":0.57,"statusCode":200,"type":"performance","url":"/api/recipes"},"timestamp":"2026-05-18T17:02:58.496Z"}
